"prompt_id","category","subcategory","subcategory_code","label","n_trials","n_parsed_top","n_parsed_bottom","n_parsed_unknown","n_parse_failed","mean_normalized","std_normalized","raw_values_top_str"
"C1-V-01","character","vision_specialized","C1-V","Savanna hunter","5","5","0","0","0","5.4","1.51657508881031","5,4,7,4,7"
"C1-V-02","character","vision_specialized","C1-V","Falconer","5","5","0","0","0","6.4","1.140175425099138","6,6,8,5,7"
"C1-V-03","character","vision_specialized","C1-V","Military sniper","5","4","0","0","1","8.0","2.160246899469287","8,10,9,5"
"C1-V-04","character","vision_specialized","C1-V","Astronomer","5","5","0","0","0","7.8","1.6431676725154984","10,6,7,7,9"
"C1-V-05","character","vision_specialized","C1-V","Deep-sea lookout","5","5","0","0","0","5.8","0.4472135954999579","6,6,5,6,6"
"C1-V-06","character","vision_specialized","C1-V","Mountain guide","5","5","0","0","0","5.4","1.3416407864998738","4,6,7,6,4"
"C1-V-07","character","vision_specialized","C1-V","Aboriginal tracker","5","5","0","0","0","7.0","1.5811388300841898","9,8,5,7,6"
"C1-V-08","character","vision_specialized","C1-V","Bird-of-prey researcher","5","5","0","0","0","6.0","1.5811388300841898","7,5,4,6,8"
"C1-V-09","character","vision_specialized","C1-V","Diamond grader","5","5","0","0","0","6.6","1.3416407864998738","5,6,8,6,8"
"C1-V-10","character","vision_specialized","C1-V","Forensic image analyst","5","5","0","0","0","6.2","1.0954451150103321","7,5,5,7,7"
"C1-V-11","character","vision_specialized","C1-V","Wildlife photographer","5","5","0","0","0","6.6","1.51657508881031","7,8,8,5,5"
"C1-V-12","character","vision_specialized","C1-V","Air traffic controller","5","5","0","0","0","6.6","1.140175425099138","7,6,7,8,5"
"C1-V-13","character","vision_specialized","C1-V","Lighthouse keeper","5","5","0","0","0","6.8","1.0954451150103321","8,5,7,7,7"
"C1-V-14","character","vision_specialized","C1-V","Microscopist","5","5","0","0","0","5.8","1.0954451150103321","6,6,6,4,7"
"C1-V-15","character","vision_specialized","C1-V","Indigenous fisherman","5","5","0","0","0","4.8","0.8366600265340756","4,6,5,4,5"
"C1-V-16","character","vision_specialized","C1-V","Reconnaissance scout","5","5","0","0","0","6.6","2.073644135332772","7,9,5,4,8"
"C1-V-17","character","vision_specialized","C1-V","Sushi master","5","5","0","0","0","6.6","1.51657508881031","7,6,9,6,5"
"C1-V-18","character","vision_specialized","C1-V","Art forgery detector","5","5","0","0","0","7.4","1.9493588689617927","8,10,5,6,8"
"C1-V-19","character","vision_specialized","C1-V","Stage lighting designer","5","5","0","0","0","5.0","0.7071067811865476","6,5,4,5,5"
"C1-V-20","character","vision_specialized","C1-V","Star navigator","5","5","0","0","0","6.0","2.0","7,5,4,9,5"
"C1-V-21","character","vision_specialized","C1-V","Sports referee","5","5","0","0","0","8.25","1.707825127659933","6,10,8,9"
"C1-V-22","character","vision_specialized","C1-V","Submarine sonar operator","5","5","0","0","0","5.8","1.3038404810405297","5,7,4,7,6"
"C1-V-23","character","vision_specialized","C1-V","Master archer","5","3","0","0","2","7.333333333333333","3.055050463303893","10,8,4"
"C1-V-24","character","vision_specialized","C1-V","Glassblower","5","4","0","0","1","7.25","1.8929694486000912","10,6,7,6"
"C1-V-25","character","vision_specialized","C1-V","Bonsai master","5","5","0","0","0","6.0","2.1213203435596424","6,8,3,8,5"
"C1-S-01","character","spatial_cognition","C1-S","Architect","5","5","0","0","0","6.0","1.0","7,5,6,7,5"
"C1-S-02","character","spatial_cognition","C1-S","Fighter pilot","5","5","0","0","0","5.4","0.5477225575051661","6,5,5,5,6"
"C1-S-03","character","spatial_cognition","C1-S","Ballet choreographer","5","5","0","0","0","5.4","1.3416407864998738","4,7,6,4,6"
"C1-S-04","character","spatial_cognition","C1-S","Vascular surgeon","5","5","0","0","0","6.0","2.0","4,4,6,8,8"
"C1-S-05","character","spatial_cognition","C1-S","Sculptor","5","5","0","0","0","6.4","2.073644135332772","8,6,4,5,9"
"C1-S-06","character","spatial_cognition","C1-S","Crane operator","5","5","0","0","0","6.0","1.5811388300841898","4,7,5,6,8"
"C1-S-07","character","spatial_cognition","C1-S","Topographic surveyor","5","4","0","0","1","7.75","2.5","8,5,7,11"
"C1-S-08","character","spatial_cognition","C1-S","Origami master","5","5","0","0","0","7.2","2.04939015319192","9,5,9,8,5"
"C1-S-09","character","spatial_cognition","C1-S","Chess grandmaster","5","5","0","0","0","5.4","0.8944271909999159","6,4,5,6,6"
"C1-S-10","character","spatial_cognition","C1-S","Parkour athlete","5","5","0","0","0","7.2","0.8366600265340756","8,7,7,8,6"
"C1-S-11","character","spatial_cognition","C1-S","Industrial designer","5","4","0","0","1","7.25","1.5","6,6,8,9"
"C1-S-12","character","spatial_cognition","C1-S","Roboticist","5","5","0","0","0","5.8","1.6431676725154984","4,4,7,7,7"
"C1-S-13","character","spatial_cognition","C1-S","Cave diver","5","5","0","0","0","5.8","0.4472135954999579","6,6,5,6,6"
"C1-S-14","character","spatial_cognition","C1-S","Cinematographer","5","4","0","0","1","5.5","1.0","7,5,5,5"
"C1-S-15","character","spatial_cognition","C1-S","Bridge engineer","5","5","0","0","0","5.2","1.0954451150103321","6,6,4,6,4"
"C1-S-16","character","spatial_cognition","C1-S","Tightrope walker","5","5","0","0","0","7.0","2.5495097567963922","7,9,10,4,5"
"C1-S-17","character","spatial_cognition","C1-S","Tactical drone operator","5","5","0","0","0","6.0","1.8708286933869707","3,6,8,6,7"
"C1-S-18","character","spatial_cognition","C1-S","Cartographer","5","5","0","0","0","7.2","1.6431676725154984","6,8,9,8,5"
"C1-S-19","character","spatial_cognition","C1-S","Stage magician","5","5","0","0","0","6.2","0.8366600265340756","7,7,5,6,6"
"C1-S-20","character","spatial_cognition","C1-S","Underwater welder","5","5","0","0","0","5.6","1.816590212458495","7,4,5,4,8"
"C1-S-21","character","spatial_cognition","C1-S","Sumi-e painter","5","5","0","0","0","7.4","2.4083189157584592","9,6,10,8,4"
"C1-S-22","character","spatial_cognition","C1-S","Theoretical geometer","5","5","0","0","0","6.0","0.7071067811865476","5,6,6,7,6"
"C1-S-23","character","spatial_cognition","C1-S","Tunnel boring engineer","5","5","0","0","0","6.4","1.1401754250991378","5,6,7,8,6"
"C1-S-24","character","spatial_cognition","C1-S","Acrobat","5","4","0","0","1","7.75","1.707825127659933","8,10,6,7"
"C1-S-25","character","spatial_cognition","C1-S","Skywriting pilot","5","5","0","0","0","6.5","1.0","7,5,7,7"
"C1-N-01","character","neutral_profession","C1-N","Lyric poet","5","5","0","0","0","6.6","2.073644135332772","10,5,7,6,5"
"C1-N-02","character","neutral_profession","C1-N","Tax accountant","5","5","0","0","0","5.2","1.7888543819998317","4,7,7,3,5"
"C1-N-03","character","neutral_profession","C1-N","Sommelier","5","5","0","0","0","5.2","1.3038404810405297","4,4,5,6,7"
"C1-N-04","character","neutral_profession","C1-N","Voice actor","5","5","0","0","0","5.4","0.8944271909999159","5,5,7,5,5"
"C1-N-05","character","neutral_profession","C1-N","Pastry chef","5","5","0","0","0","6.6","1.1401754250991378","7,6,8,7,5"
"C1-N-06","character","neutral_profession","C1-N","Literary translator","5","5","0","0","0","6.2","1.9235384061671346","7,9,6,4,5"
"C1-N-07","character","neutral_profession","C1-N","Therapist","5","5","0","0","0","7.0","1.5811388300841898","9,6,5,7,8"
"C1-N-08","character","neutral_profession","C1-N","Concert pianist","5","5","0","0","0","7.0","2.449489742783178","5,10,8,8,4"
"C1-N-09","character","neutral_profession","C1-N","Calligrapher","5","4","0","0","1","7.75","1.707825127659933","10,7,8,6"
"C1-N-10","character","neutral_profession","C1-N","Beekeeper","5","5","0","0","0","6.6","2.073644135332772","5,5,6,7,10"
"C1-N-11","character","neutral_profession","C1-N","Sound engineer","5","5","0","0","0","6.0","1.8708286933869707","4,7,4,8,7"
"C1-N-12","character","neutral_profession","C1-N","Stand-up comedian","5","5","0","0","0","7.2","1.6431676725154984","10,6,7,7,6"
"C1-N-13","character","neutral_profession","C1-N","Diplomat","5","4","0","0","1","6.0","1.4142135623730951","7,4,7,6"
"C1-N-14","character","neutral_profession","C1-N","Antique book restorer","5","5","0","0","0","7.0","1.5811388300841898","6,9,8,5,7"
"C1-N-15","character","neutral_profession","C1-N","Field linguist","5","5","0","0","0","6.25","1.5","8,7,5,5"
"C1-N-16","character","neutral_profession","C1-N","Folklorist","5","5","0","0","0","5.8","1.7888543819998317","7,3,5,7,7"
"C1-N-17","character","neutral_profession","C1-N","Tea ceremony master","5","5","0","0","0","7.4","2.6076809620810595","4,6,10,7,10"
"C1-N-18","character","neutral_profession","C1-N","Cheese maker","5","5","0","0","0","6.8","1.3038404810405297","6,8,5,7,8"
"C1-N-19","character","neutral_profession","C1-N","Notary public","5","5","0","0","0","6.75","1.2583057392117916","5,7,8,7"
"C1-N-20","character","neutral_profession","C1-N","Reflexologist","5","4","0","0","1","6.75","0.9574271077563381","6,8,6,7"
"C1-N-21","character","neutral_profession","C1-N","Patent attorney","5","4","0","0","1","6.0","0.816496580927726","6,6,5,7"
"C1-N-22","character","neutral_profession","C1-N","Town historian","5","5","0","0","0","5.6","1.3416407864998738","7,7,4,5,5"
"C1-N-23","character","neutral_profession","C1-N","Aromatherapist","5","5","0","0","0","5.6","1.816590212458495","3,6,6,8,5"
"C1-N-24","character","neutral_profession","C1-N","Lullaby composer","5","5","0","0","0","5.8","1.0954451150103321","6,4,6,6,7"
"C1-N-25","character","neutral_profession","C1-N","Civil registrar","5","5","0","0","0","6.6","1.51657508881031","9,6,6,7,5"
"C1-X-01","character","extreme_persona","C1-X","Thousand-year-old sage","5","5","0","0","0","5.8","0.8366600265340756","5,6,5,7,6"
"C1-X-02","character","extreme_persona","C1-X","Quantum physicist in superposition","5","5","0","0","0","6.8","1.3038404810405297","6,6,7,9,6"
"C1-X-03","character","extreme_persona","C1-X","Extraterrestrial visitor","5","5","0","0","0","6.6","0.8944271909999159","7,6,8,6,6"
"C1-X-04","character","extreme_persona","C1-X","Dolphin consciousness","5","5","0","0","0","5.6","1.1401754250991378","5,7,4,6,6"
"C1-X-05","character","extreme_persona","C1-X","Compound-eye insect","5","4","0","0","1","7.5","0.5773502691896257","8,7,8,7"
"C1-X-06","character","extreme_persona","C1-X","Octopus","5","5","0","0","0","6.0","1.7320508075688772","5,5,5,9,6"
"C1-X-07","character","extreme_persona","C1-X","Bat","5","5","0","0","0","6.0","1.224744871391589","7,6,7,6,4"
"C1-X-08","character","extreme_persona","C1-X","Future human","5","5","0","0","0","7.2","1.788854381999832","5,10,7,7,7"
"C1-X-09","character","extreme_persona","C1-X","Migratory bird","5","4","0","0","1","6.75","2.362907813126304","7,10,5,5"
"C1-X-10","character","extreme_persona","C1-X","Time traveler","5","5","0","0","0","5.8","1.3038404810405297","7,4,7,6,5"
"C1-X-11","character","extreme_persona","C1-X","Digital ghost","5","5","0","0","0","5.4","1.3416407864998738","6,6,7,4,4"
"C1-X-12","character","extreme_persona","C1-X","Mantis shrimp","5","5","0","0","0","6.8","0.8366600265340756","7,8,6,6,7"
"C1-X-13","character","extreme_persona","C1-X","Newborn infant","5","3","0","0","2","5.666666666666667","1.1547005383792517","5,7,5"
"C1-X-14","character","extreme_persona","C1-X","Disembodied mind","5","5","0","0","0","6.4","0.5477225575051662","7,6,6,7,6"
"C1-X-15","character","extreme_persona","C1-X","Synesthete","5","5","0","0","0","6.0","1.7320508075688772","9,6,5,5,5"
"C1-X-16","character","extreme_persona","C1-X","Lucid dreamer","5","5","0","0","0","5.2","1.3038404810405297","4,4,7,5,6"
"C1-X-17","character","extreme_persona","C1-X","Mole","5","4","0","1","0","6.5","1.2909944487358056","5,7,6,8"
"C1-X-18","character","extreme_persona","C1-X","Spider","5","4","0","0","1","6.75","0.9574271077563381","7,6,6,8"
"C1-X-19","character","extreme_persona","C1-X","Posthuman uploaded mind","5","3","0","0","2","5.0","1.0","6,5,4"
"C1-X-20","character","extreme_persona","C1-X","Cave-dwelling humanoid","5","5","0","0","0","6.0","1.0","7,6,7,5,5"
"C1-X-21","character","extreme_persona","C1-X","Eagle","5","5","0","0","0","4.8","0.4472135954999579","5,5,4,5,5"
"C1-X-22","character","extreme_persona","C1-X","Buddhist arhat","5","4","0","0","1","5.75","1.707825127659933","5,4,6,8"
"C1-X-23","character","extreme_persona","C1-X","AI from 2200","5","5","0","0","0","5.0","0.7071067811865476","5,4,6,5,5"
"C1-X-24","character","extreme_persona","C1-X","Cetacean elder","5","5","0","0","0","5.8","0.8366600265340756","6,7,5,5,6"
"C1-X-25","character","extreme_persona","C1-X","Multidimensional mathematician","5","5","0","0","0","6.4","1.1401754250991378","5,7,6,6,8"
"C2-V-01","environment","visual_environment","C2-V","Dense fog","5","5","0","0","0","6.6","1.3416407864998738","6,6,8,8,5"
"C2-V-02","environment","visual_environment","C2-V","Polar night","5","5","0","0","0","5.4","1.1401754250991378","7,5,5,4,6"
"C2-V-03","environment","visual_environment","C2-V","Sandstorm city","5","5","0","0","0","6.0","1.5811388300841898","5,8,4,7,6"
"C2-V-04","environment","visual_environment","C2-V","Underground colony","5","5","0","0","0","7.0","0.0","7,7,7,7"
"C2-V-05","environment","visual_environment","C2-V","Permanent twilight","5","5","0","0","0","5.6","0.8944271909999159","7,6,5,5,5"
"C2-V-06","environment","visual_environment","C2-V","Strobing city","5","5","0","0","0","6.2","0.8366600265340756","5,6,6,7,7"
"C2-V-07","environment","visual_environment","C2-V","Mirror world","5","5","0","0","0","5.2","0.4472135954999579","5,5,5,5,6"
"C2-V-08","environment","visual_environment","C2-V","Equatorial noon","5","5","0","0","0","6.2","0.44721359549995787","6,7,6,6,6"
"C2-V-09","environment","visual_environment","C2-V","Permanent rain","5","5","0","0","0","5.4","1.6733200530681511","5,7,7,3,5"
"C2-V-10","environment","visual_environment","C2-V","Aurora-lit tundra","5","5","0","0","0","6.4","1.9493588689617927","4,5,9,7,7"
"C2-V-11","environment","visual_environment","C2-V","Saturated tropics","5","5","0","0","0","7.0","1.224744871391589","6,7,9,7,6"
"C2-V-12","environment","visual_environment","C2-V","Black-light gallery","5","5","0","0","0","5.2","1.4832396974191326","6,5,3,7,5"
"C2-V-13","environment","visual_environment","C2-V","Snow-blind plains","5","5","0","0","0","7.4","1.51657508881031","9,5,8,8,7"
"C2-V-14","environment","visual_environment","C2-V","High-altitude observatory","5","5","0","0","0","6.8","2.1679483388678804","4,7,6,7,10"
"C2-V-15","environment","visual_environment","C2-V","Smog metropolis","5","5","0","0","0","7.4","2.073644135332772","10,7,6,5,9"
"C2-V-16","environment","visual_environment","C2-V","Volcanic ash plain","5","5","0","0","0","6.8","2.3874672772626644","10,4,7,8,5"
"C2-V-17","environment","visual_environment","C2-V","Crystal cave","5","5","0","0","0","6.6","1.51657508881031","4,7,7,8,7"
"C2-V-18","environment","visual_environment","C2-V","Coral reef","5","5","0","0","0","6.0","1.7320508075688772","3,6,7,7,7"
"C2-V-19","environment","visual_environment","C2-V","Steam-filled bathhouse city","5","5","0","0","0","6.6","2.1908902300206643","8,8,6,8,3"
"C2-V-20","environment","visual_environment","C2-V","Negative-image world","5","5","0","0","0","7.0","1.0","8,7,6,8,6"
"C2-V-21","environment","visual_environment","C2-V","Eternal noon desert","5","5","0","0","0","7.2","2.16794833886788","5,6,9,6,10"
"C2-V-22","environment","visual_environment","C2-V","Glass city","5","5","0","0","0","7.0","1.8708286933869707","5,6,10,7,7"
"C2-V-23","environment","visual_environment","C2-V","Bioluminescent jungle","5","5","0","0","0","5.8","1.9235384061671346","6,4,9,5,5"
"C2-V-24","environment","visual_environment","C2-V","Ice cave","5","5","0","0","0","6.4","0.8944271909999159","5,6,7,7,7"
"C2-V-25","environment","visual_environment","C2-V","Lightning-storm plateau","5","5","0","0","0","6.4","1.3416407864998738","5,7,5,7,8"
"C2-P-01","environment","physical_environment","C2-P","Zero gravity","5","5","0","0","0","5.4","1.6733200530681511","7,7,3,5,5"
"C2-P-02","environment","physical_environment","C2-P","Underwater city","5","5","0","0","0","6.8","0.8366600265340756","6,6,7,7,8"
"C2-P-03","environment","physical_environment","C2-P","High-gravity planet","5","5","0","0","0","6.8","0.8366600265340756","7,6,6,7,8"
"C2-P-04","environment","physical_environment","C2-P","Permanent desert","5","4","0","0","1","6.75","2.217355782608345","10,6,6,5"
"C2-P-05","environment","physical_environment","C2-P","Arctic ice station","5","5","0","0","0","7.0","0.7071067811865476","8,6,7,7,7"
"C2-P-06","environment","physical_environment","C2-P","Tidal flats","5","5","0","0","0","5.8","0.8366600265340756","7,6,6,5,5"
"C2-P-07","environment","physical_environment","C2-P","Geothermal vent community","5","5","0","0","0","6.4","1.1401754250991378","6,8,6,7,5"
"C2-P-08","environment","physical_environment","C2-P","Floating island","5","5","0","0","0","6.0","1.8708286933869707","4,6,9,5,6"
"C2-P-09","environment","physical_environment","C2-P","Tropical rainforest canopy","5","4","0","0","1","7.25","0.9574271077563381","8,7,8,6"
"C2-P-10","environment","physical_environment","C2-P","Sub-Saharan drought","5","5","0","0","0","6.0","2.8284271247461903","4,5,11,5,5"
"C2-P-11","environment","physical_environment","C2-P","Permafrost permaforest","5","4","0","0","1","6.0","0.0","6,6,6,6"
"C2-P-12","environment","physical_environment","C2-P","Hurricane belt island","5","5","0","0","0","6.0","2.7386127875258306","3,4,10,6,7"
"C2-P-13","environment","physical_environment","C2-P","Subterranean river","5","5","0","0","0","7.4","1.6733200530681511","7,6,8,6,10"
"C2-P-14","environment","physical_environment","C2-P","Antarctic dry valley","5","5","0","0","0","6.4","0.5477225575051662","6,7,6,7,6"
"C2-P-15","environment","physical_environment","C2-P","Volcanic island","5","5","0","0","0","7.8","0.8366600265340756","7,7,8,8,9"
"C2-P-16","environment","physical_environment","C2-P","Salt flats","5","5","0","0","0","6.0","1.224744871391589","6,7,4,6,7"
"C2-P-17","environment","physical_environment","C2-P","Mountain monastery","5","5","0","0","0","7.2","1.6431676725154984","6,6,7,7,10"
"C2-P-18","environment","physical_environment","C2-P","Mangrove swamp","5","5","0","0","0","7.0","1.5811388300841898","6,8,9,7,5"
"C2-P-19","environment","physical_environment","C2-P","Permanent windstorm","5","5","0","0","0","6.8","1.6431676725154984","6,6,8,9,5"
"C2-P-20","environment","physical_environment","C2-P","Magnetic anomaly","5","5","0","0","0","6.4","1.1401754250991378","7,8,5,6,6"
"C2-P-21","environment","physical_environment","C2-P","Iceberg","5","5","0","0","0","6.0","1.4142135623730951","7,4,7,5,7"
"C2-P-22","environment","physical_environment","C2-P","Crater lake","5","5","0","0","0","7.0","2.1213203435596424","5,7,5,8,10"
"C2-P-23","environment","physical_environment","C2-P","Equatorial atoll","5","5","0","0","0","6.0","1.4142135623730951","6,6,6,8,4"
"C2-P-24","environment","physical_environment","C2-P","Deep canyon","5","5","0","0","0","6.6","0.8944271909999159","6,6,8,7,6"
"C2-P-25","environment","physical_environment","C2-P","Tectonic boundary","5","5","0","0","0","6.0","1.4142135623730951","4,7,5,7,7"
"C2-S-01","environment","social_environment","C2-S","Quiet library","5","5","0","0","0","5.8","1.4832396974191326","5,8,6,4,6"
"C2-S-02","environment","social_environment","C2-S","Battlefield","5","5","0","0","0","6.2","1.6431676725154984","6,9,5,6,5"
"C2-S-03","environment","social_environment","C2-S","Crowded subway","5","4","0","0","1","6.0","1.1547005383792515","7,5,5,7"
"C2-S-04","environment","social_environment","C2-S","Meditation retreat","5","5","0","0","0","5.8","1.7888543819998317","7,8,6,4,4"
"C2-S-05","environment","social_environment","C2-S","Trauma triage","5","5","0","0","0","5.8","1.0954451150103321","7,4,6,6,6"
"C2-S-06","environment","social_environment","C2-S","Stadium crowd","5","4","0","0","1","5.5","0.7071067811865476","6,5"
"C2-S-07","environment","social_environment","C2-S","Funeral","5","5","0","0","0","7.6","1.51657508881031","9,6,8,6,9"
"C2-S-08","environment","social_environment","C2-S","Wedding reception","5","5","0","0","0","7.6","2.1908902300206643","6,10,10,6,6"
"C2-S-09","environment","social_environment","C2-S","Job interview","5","5","0","0","0","6.0","1.224744871391589","5,8,6,6,5"
"C2-S-10","environment","social_environment","C2-S","Witness stand","5","5","0","0","0","5.6","1.6733200530681511","3,7,5,6,7"
"C2-S-11","environment","social_environment","C2-S","Open-plan office","5","5","0","0","0","8.5","1.9148542155126762","6,10,10,8"
"C2-S-12","environment","social_environment","C2-S","Hospice","5","5","0","0","0","6.666666666666667","2.0816659994661326","6,9,5"
"C2-S-13","environment","social_environment","C2-S","Refugee camp","5","5","0","0","0","5.2","0.4472135954999579","5,5,5,6,5"
"C2-S-14","environment","social_environment","C2-S","Cult compound","5","5","0","0","0","6.8","1.6431676725154984","5,6,9,6,8"
"C2-S-15","environment","social_environment","C2-S","Monastic order","5","5","0","0","0","6.8","1.4832396974191326","5,6,7,9,7"
"C2-S-16","environment","social_environment","C2-S","Hostile interrogation","5","5","0","0","0","6.2","1.3038404810405297","7,8,6,5,5"
"C2-S-17","environment","social_environment","C2-S","Toddler at home","5","5","0","0","0","5.6","0.5477225575051661","5,6,6,6,5"
"C2-S-18","environment","social_environment","C2-S","Tea ceremony","5","4","0","0","1","6.75","2.217355782608345","6,9,8,4"
"C2-S-19","environment","social_environment","C2-S","Nightclub at 2 AM","5","5","0","0","0","7.4","1.6733200530681511","7,6,10,8,6"
"C2-S-20","environment","social_environment","C2-S","Hospital waiting room","5","5","0","0","0","7.6","1.816590212458495","9,10,6,6,7"
"C2-S-21","environment","social_environment","C2-S","Political rally","5","5","0","0","0","6.0","0.7071067811865476","5,6,6,7,6"
"C2-S-22","environment","social_environment","C2-S","Solitary confinement","5","5","0","0","0","5.2","1.0954451150103321","6,4,4,6,6"
"C2-S-23","environment","social_environment","C2-S","Improv theater","5","5","0","0","0","6.0","2.345207879911715","6,10,5,4,5"
"C2-S-24","environment","social_environment","C2-S","Auction house","5","5","0","0","0","6.4","1.51657508881031","8,5,8,5,6"
"C2-S-25","environment","social_environment","C2-S","Crowded train station","5","5","0","0","0","7.0","1.224744871391589","7,7,8,8,5"
"C2-X-01","environment","extreme_environment","C2-X","Four-dimensional space","5","5","0","0","0","6.8","2.588435821108957","6,7,6,11,4"
"C2-X-02","environment","extreme_environment","C2-X","Inside a dream","5","5","0","0","0","8.4","1.816590212458495","10,10,6,9,7"
"C2-X-03","environment","extreme_environment","C2-X","Five-dimensional cosmos","5","5","0","0","0","6.6","2.073644135332772","7,6,5,5,10"
"C2-X-04","environment","extreme_environment","C2-X","Outer space","5","5","0","0","0","5.0","1.5811388300841898","7,3,6,4,5"
"C2-X-05","environment","extreme_environment","C2-X","Black hole event horizon","5","5","0","0","0","5.6","1.1401754250991378","7,6,4,5,6"
"C2-X-06","environment","extreme_environment","C2-X","Inside a memory","5","5","0","0","0","5.0","1.5811388300841898","6,3,5,7,4"
"C2-X-07","environment","extreme_environment","C2-X","Möbius world","5","5","0","0","0","6.4","1.140175425099138","6,6,8,7,5"
"C2-X-08","environment","extreme_environment","C2-X","Hyperbolic plane","5","5","0","0","0","6.0","1.0","7,6,7,5,5"
"C2-X-09","environment","extreme_environment","C2-X","Atomic scale","5","5","0","0","0","5.6","0.8944271909999159","5,7,5,5,6"
"C2-X-10","environment","extreme_environment","C2-X","Galactic scale","5","4","0","0","1","5.0","1.8257418583505538","3,4,7,6"
"C2-X-11","environment","extreme_environment","C2-X","Time-reversed world","5","5","0","0","0","6.6","1.3416407864998738","6,6,6,6,9"
"C2-X-12","environment","extreme_environment","C2-X","Inside a fractal","5","5","0","0","0","5.0","1.7320508075688772","4,4,8,5,4"
"C2-X-13","environment","extreme_environment","C2-X","Heat death","5","5","0","0","0","6.2","0.8366600265340756","5,7,6,7,6"
"C2-X-14","environment","extreme_environment","C2-X","Big Bang horizon","5","5","0","0","0","5.8","1.3038404810405297","7,6,7,5,4"
"C2-X-15","environment","extreme_environment","C2-X","Inside a hallucination","5","5","0","0","0","4.8","1.3038404810405297","6,6,3,4,5"
"C2-X-16","environment","extreme_environment","C2-X","Borderless world","5","4","0","0","1","6.25","0.9574271077563381","6,7,7,5"
"C2-X-17","environment","extreme_environment","C2-X","Plato's cave","5","5","0","0","0","7.0","1.0","8,7,6,8,6"
"C2-X-18","environment","extreme_environment","C2-X","Inside a simulation","5","5","0","0","0","5.6","1.9493588689617927","3,8,5,7,5"
"C2-X-19","environment","extreme_environment","C2-X","Pre-perceptual void","5","5","0","0","0","4.4","1.1401754250991378","5,3,4,6,4"
"C2-X-20","environment","extreme_environment","C2-X","Hypersphere surface","5","5","0","0","0","5.0","0.7071067811865476","6,4,5,5,5"
"C2-X-21","environment","extreme_environment","C2-X","Inside a poem","5","5","0","0","0","6.0","1.5811388300841898","5,8,7,6,4"
"C2-X-22","environment","extreme_environment","C2-X","Saturn's rings","5","5","0","0","0","4.8","1.3038404810405297","6,3,5,4,6"
"C2-X-23","environment","extreme_environment","C2-X","Antimatter region","5","5","0","0","0","5.0","0.0","5,5,5,5,5"
"C2-X-24","environment","extreme_environment","C2-X","Inside an oil painting","5","5","0","0","0","6.0","1.224744871391589","4,7,6,7,6"
"C2-X-25","environment","extreme_environment","C2-X","Quantum foam","5","5","0","0","0","6.0","1.5811388300841898","5,6,8,4,7"
"C3-D-01","neutral","daily_activity","C3-D","Sunday coffee","5","5","0","0","0","6.2","1.7888543819998317","9,5,5,5,7"
"C3-D-02","neutral","daily_activity","C3-D","Folding laundry","5","5","0","0","0","4.8","1.3038404810405297","7,4,5,4,4"
"C3-D-03","neutral","daily_activity","C3-D","Morning shower","5","4","0","0","1","5.75","1.5","7,5,7,4"
"C3-D-04","neutral","daily_activity","C3-D","Brushing teeth","5","5","0","0","0","6.2","1.0954451150103321","6,6,6,5,8"
"C3-D-05","neutral","daily_activity","C3-D","Walking to work","5","5","0","0","0","5.4","1.1401754250991378","6,4,7,5,5"
"C3-D-06","neutral","daily_activity","C3-D","Making a sandwich","5","5","0","0","0","8.0","1.8708286933869707","8,11,8,6,7"
"C3-D-07","neutral","daily_activity","C3-D","Watering houseplants","5","5","0","0","0","7.0","0.7071067811865476","6,7,7,7,8"
"C3-D-08","neutral","daily_activity","C3-D","Sorting mail","5","4","0","0","1","6.0","1.4142135623730951","5,5,6,8"
"C3-D-09","neutral","daily_activity","C3-D","Tying shoes","5","5","0","0","0","6.4","1.140175425099138","7,6,8,5,6"
"C3-D-10","neutral","daily_activity","C3-D","Setting an alarm","5","5","0","0","0","6.6","1.9493588689617927","6,6,6,10,5"
"C3-D-11","neutral","daily_activity","C3-D","Boiling water","5","5","0","0","0","7.2","1.4832396974191326","7,5,8,7,9"
"C3-D-12","neutral","daily_activity","C3-D","Buttoning a shirt","5","5","0","0","0","6.2","1.6431676725154984","7,8,4,7,5"
"C3-D-13","neutral","daily_activity","C3-D","Sweeping the floor","5","5","0","0","0","7.2","1.4832396974191326","7,8,9,7,5"
"C3-D-14","neutral","daily_activity","C3-D","Closing the curtains","5","5","0","0","0","4.6","1.9493588689617927","7,4,4,6,2"
"C3-D-15","neutral","daily_activity","C3-D","Refilling a salt shaker","5","5","0","0","0","5.6","1.6733200530681511","5,7,3,6,7"
"C3-D-16","neutral","daily_activity","C3-D","Making the bed","5","5","0","0","0","6.2","1.0954451150103321","6,6,5,6,8"
"C3-D-17","neutral","daily_activity","C3-D","Loading a dishwasher","5","4","0","0","1","7.5","1.9148542155126762","10,6,8,6"
"C3-D-18","neutral","daily_activity","C3-D","Wiping the counter","5","5","0","0","0","6.2","1.3038404810405297","5,7,8,6,5"
"C3-D-19","neutral","daily_activity","C3-D","Checking the mailbox","5","5","0","0","0","7.0","2.1213203435596424","7,5,10,5,8"
"C3-D-20","neutral","daily_activity","C3-D","Taking out the trash","5","5","0","0","0","7.0","1.8708286933869707","4,7,9,8,7"
"C3-D-21","neutral","daily_activity","C3-D","Putting on socks","5","5","0","0","0","7.0","1.5811388300841898","9,5,7,8,6"
"C3-D-22","neutral","daily_activity","C3-D","Locking the front door","5","5","0","0","0","5.6","0.8944271909999159","7,6,5,5,5"
"C3-D-23","neutral","daily_activity","C3-D","Pouring cereal","5","5","0","0","0","6.6","1.1401754250991378","7,6,8,7,5"
"C3-D-24","neutral","daily_activity","C3-D","Filling a water bottle","5","5","0","0","0","5.8","1.0954451150103321","7,6,6,4,6"
"C3-D-25","neutral","daily_activity","C3-D","Hanging up a jacket","5","5","0","0","0","6.4","1.1401754250991378","5,7,8,6,6"
"C3-H-01","neutral","hobby_activity","C3-H","Balcony gardening","5","5","0","0","0","6.4","0.5477225575051662","6,6,7,7,6"
"C3-H-02","neutral","hobby_activity","C3-H","Knitting a scarf","5","5","0","0","0","6.2","1.3038404810405297","5,8,6,5,7"
"C3-H-03","neutral","hobby_activity","C3-H","Stamp collecting","5","5","0","0","0","4.8","1.3038404810405297","6,4,5,6,3"
"C3-H-04","neutral","hobby_activity","C3-H","Cross-stitching","5","5","0","0","0","6.8","2.6832815729997477","4,7,7,5,11"
"C3-H-05","neutral","hobby_activity","C3-H","Tending a fish tank","5","5","0","0","0","4.8","1.4832396974191326","4,5,3,5,7"
"C3-H-06","neutral","hobby_activity","C3-H","Whittling","5","4","0","0","1","6.0","1.1547005383792515","5,7,5,7"
"C3-H-07","neutral","hobby_activity","C3-H","Solving a crossword","5","3","0","0","2","5.666666666666667","0.5773502691896258","5,6,6"
"C3-H-08","neutral","hobby_activity","C3-H","Building a model ship","5","5","0","0","0","7.2","2.2803508501982757","7,5,10,9,5"
"C3-H-09","neutral","hobby_activity","C3-H","Watercolor painting","5","5","0","0","0","7.5","1.2909944487358056","8,6,9,7"
"C3-H-10","neutral","hobby_activity","C3-H","Bird identification","5","5","0","0","0","7.75","1.8929694486000912","9,8,9,5"
"C3-H-11","neutral","hobby_activity","C3-H","Reading a novel","5","5","0","0","0","6.6","1.6733200530681511","7,5,5,7,9"
"C3-H-12","neutral","hobby_activity","C3-H","Listening to records","5","5","0","0","0","6.0","1.4142135623730951","6,8,6,4,6"
"C3-H-13","neutral","hobby_activity","C3-H","Baking bread","5","5","0","0","0","5.8","1.0954451150103321","5,5,7,5,7"
"C3-H-14","neutral","hobby_activity","C3-H","Sewing on a button","5","5","0","0","0","7.0","2.23606797749979","4,6,7,10,8"
"C3-H-15","neutral","hobby_activity","C3-H","Playing solitaire","5","5","0","0","0","6.6","2.3021728866442674","8,9,3,7,6"
"C3-H-16","neutral","hobby_activity","C3-H","Pressing flowers","5","4","0","0","1","7.5","1.0","8,8,8,6"
"C3-H-17","neutral","hobby_activity","C3-H","Brewing tea","5","5","0","0","0","6.2","1.7888543819998317","7,5,5,9,5"
"C3-H-18","neutral","hobby_activity","C3-H","Polishing shoes","5","5","0","0","0","5.4","0.5477225575051662","5,5,5,6,6"
"C3-H-19","neutral","hobby_activity","C3-H","Repotting a plant","5","5","0","0","0","7.6","1.1401754250991378","8,9,7,8,6"
"C3-H-20","neutral","hobby_activity","C3-H","Pickling vegetables","5","5","0","0","0","6.4","1.3416407864998738","7,5,8,5,7"
"C3-H-21","neutral","hobby_activity","C3-H","Working a jigsaw puzzle","5","5","0","0","0","6.6","1.1401754250991378","7,8,7,6,5"
"C3-H-22","neutral","hobby_activity","C3-H","Practicing harmonica","5","5","0","0","0","5.8","1.9235384061671346","6,4,5,5,9"
"C3-H-23","neutral","hobby_activity","C3-H","Pen pal letter","5","4","0","0","1","7.75","1.2583057392117916","6,8,8,9"
"C3-H-24","neutral","hobby_activity","C3-H","Beekeeping check","5","5","0","0","0","5.6","1.816590212458495","4,4,7,8,5"
"C3-H-25","neutral","hobby_activity","C3-H","Roasting coffee","5","5","0","0","0","6.2","2.16794833886788","6,5,10,5,5"
"C3-S-01","neutral","static_situation","C3-S","Waiting for a train","5","5","0","0","0","5.8","1.7888543819998317","6,7,4,8,4"
"C3-S-02","neutral","static_situation","C3-S","Sitting in a café","5","5","0","0","0","6.0","0.7071067811865476","6,6,5,6,7"
"C3-S-03","neutral","static_situation","C3-S","On hold","5","5","0","0","0","5.8","1.4832396974191326","4,5,6,8,6"
"C3-S-04","neutral","static_situation","C3-S","Doctor's office","5","5","0","0","0","5.8","1.0954451150103321","5,5,7,7,5"
"C3-S-05","neutral","static_situation","C3-S","Bus stop","5","5","0","0","0","5.8","0.8366600265340756","5,6,7,5,6"
"C3-S-06","neutral","static_situation","C3-S","Park bench","5","5","0","0","0","6.0","1.224744871391589","6,5,6,8,5"
"C3-S-07","neutral","static_situation","C3-S","Elevator ride","5","5","0","0","0","7.0","0.7071067811865476","7,7,7,8,6"
"C3-S-08","neutral","static_situation","C3-S","Restaurant for a friend","5","5","0","0","0","6.8","0.44721359549995787","7,6,7,7,7"
"C3-S-09","neutral","static_situation","C3-S","Airport gate","5","5","0","0","0","6.0","1.0","5,7,5,6,7"
"C3-S-10","neutral","static_situation","C3-S","Hotel lobby","5","5","0","0","0","5.0","0.7071067811865476","5,4,6,5,5"
"C3-S-11","neutral","static_situation","C3-S","Bank queue","5","5","0","0","0","5.6","1.1401754250991378","7,4,6,5,6"
"C3-S-12","neutral","static_situation","C3-S","Movie theater","5","4","0","0","1","5.5","0.5773502691896257","6,6,5,5"
"C3-S-13","neutral","static_situation","C3-S","Public bench reading","5","5","0","0","0","5.75","0.9574271077563381","5,5,6,7"
"C3-S-14","neutral","static_situation","C3-S","DMV lobby","5","4","0","0","1","8.0","0.0","8,8,8"
"C3-S-15","neutral","static_situation","C3-S","Beach chair","5","5","0","0","0","5.6","0.5477225575051662","5,6,6,5,6"
"C3-S-16","neutral","static_situation","C3-S","Hospital lobby","5","5","0","0","0","6.2","1.0954451150103321","5,7,7,5,7"
"C3-S-17","neutral","static_situation","C3-S","Hairdresser waiting","5","5","0","0","0","6.0","0.7071067811865476","6,7,6,5,6"
"C3-S-18","neutral","static_situation","C3-S","Subway platform","5","4","0","0","1","5.25","1.2583057392117916","5,5,7,4"
"C3-S-19","neutral","static_situation","C3-S","Pharmacy pickup","5","5","0","0","0","5.6","1.9493588689617927","4,7,7,3,7"
"C3-S-20","neutral","static_situation","C3-S","Front porch","5","5","0","0","0","6.4","1.1401754250991378","7,8,6,6,5"
"C3-S-21","neutral","static_situation","C3-S","Front-row pew","5","5","0","0","0","6.2","1.7888543819998317","8,8,6,4,5"
"C3-S-22","neutral","static_situation","C3-S","Library reading","5","4","0","0","1","7.0","2.449489742783178","10,5,8,5"
"C3-S-23","neutral","static_situation","C3-S","Garden bench","5","5","0","0","0","6.0","1.224744871391589","6,4,7,7,6"
"C3-S-24","neutral","static_situation","C3-S","Window seat","5","4","0","0","1","6.0","1.4142135623730951","5,6,8,5"
"C3-S-25","neutral","static_situation","C3-S","Quiet morning kitchen","5","5","0","0","0","6.2","2.16794833886788","5,10,5,6,5"
"C3-E-01","neutral","emotion_mood","C3-E","Calm satisfaction","5","5","0","0","0","6.4","2.1908902300206643","4,6,6,6,10"
"C3-E-02","neutral","emotion_mood","C3-E","Mild tiredness","5","5","0","0","0","5.0","1.224744871391589","5,4,7,4,5"
"C3-E-03","neutral","emotion_mood","C3-E","Quiet anticipation","5","5","0","0","0","5.0","1.7320508075688772","2,5,6,6,6"
"C3-E-04","neutral","emotion_mood","C3-E","Gentle contentment","5","5","0","0","0","5.6","1.51657508881031","6,7,6,3,6"
"C3-E-05","neutral","emotion_mood","C3-E","Quiet nostalgia","5","5","0","0","0","6.0","1.0","5,6,5,7,7"
"C3-E-06","neutral","emotion_mood","C3-E","Settled focus","5","5","0","0","0","5.6","0.8944271909999159","7,5,5,6,5"
"C3-E-07","neutral","emotion_mood","C3-E","Patient curiosity","5","5","0","0","0","6.0","1.0","5,7,6,7,5"
"C3-E-08","neutral","emotion_mood","C3-E","Light melancholy","5","4","0","0","1","5.0","2.0","3,7,5"
"C3-E-09","neutral","emotion_mood","C3-E","Steady determination","5","5","0","0","0","7.4","1.816590212458495","7,8,7,10,5"
"C3-E-10","neutral","emotion_mood","C3-E","Drowsy comfort","5","5","0","0","0","6.2","3.03315017762062","2,8,6,10,5"
"C3-E-11","neutral","emotion_mood","C3-E","Gentle gratitude","5","5","0","0","0","5.8","1.6431676725154984","5,7,8,5,4"
"C3-E-12","neutral","emotion_mood","C3-E","Open attention","5","5","0","0","0","6.8","2.3874672772626644","5,4,7,10,8"
"C3-E-13","neutral","emotion_mood","C3-E","Mild restlessness","5","5","0","0","0","5.75","1.2583057392117916","7,6,4,6"
"C3-E-14","neutral","emotion_mood","C3-E","Relaxed alertness","5","5","0","0","0","6.6","0.5477225575051661","7,7,6,7,6"
"C3-E-15","neutral","emotion_mood","C3-E","Soft sadness","5","5","0","0","0","6.6","1.6733200530681511","7,5,7,5,9"
"C3-E-16","neutral","emotion_mood","C3-E","Quiet pride","5","5","0","0","0","5.8","1.3038404810405297","6,7,7,5,4"
"C3-E-17","neutral","emotion_mood","C3-E","Settled patience","5","5","0","0","0","5.6","1.3416407864998738","7,4,5,5,7"
"C3-E-18","neutral","emotion_mood","C3-E","Light optimism","5","5","0","0","0","5.6","1.3416407864998738","7,4,5,5,7"
"C3-E-19","neutral","emotion_mood","C3-E","Pensive mood","5","5","0","0","0","5.8","1.3038404810405297","7,5,4,6,7"
"C3-E-20","neutral","emotion_mood","C3-E","Calm before sleep","5","5","0","0","0","6.8","1.7888543819998317","5,7,8,5,9"
"C3-E-21","neutral","emotion_mood","C3-E","Easy laughter","5","5","0","0","0","6.2","1.0954451150103321","6,6,8,6,5"
"C3-E-22","neutral","emotion_mood","C3-E","Wistful acceptance","5","5","0","0","0","7.0","2.345207879911715","6,5,5,10,9"
"C3-E-23","neutral","emotion_mood","C3-E","Slow happiness","5","5","0","0","0","7.0","2.1213203435596424","7,4,7,10,7"
"C3-E-24","neutral","emotion_mood","C3-E","Gentle resolve","5","5","0","0","0","5.6","0.5477225575051662","5,6,5,6,6"
"C3-E-25","neutral","emotion_mood","C3-E","Restful neutrality","5","5","0","0","0","7.0","1.224744871391589","8,8,5,7,7"
