filename,angle_deg,condition,hit_edge,correct_dot_label,correct_dot_number,target_y_right,target_x_top,n_dots_vertical,n_dots_horizontal,dot_spacing,circle_cx,circle_cy,circle_r,img_width,img_height
watanabe_05deg_standard.png,5,standard,right,right_8,8,271.38,3715.42,11,20,37.0,65.69,334.31,50.69,800,400
watanabe_05deg_no_circle.png,5,no_circle,right,right_8,8,271.38,3715.42,11,20,37.0,65.69,334.31,50.69,800,400
watanabe_05deg_short_line.png,5,short_line,right,right_8,8,271.38,3715.42,11,20,37.0,65.69,334.31,50.69,800,400
watanabe_05deg_long_line.png,5,long_line,right,right_8,8,271.38,3715.42,11,20,37.0,65.69,334.31,50.69,800,400
watanabe_10deg_standard.png,10,standard,right,right_6,6,207.48,1876.59,11,20,37.0,65.69,334.31,50.69,800,400
watanabe_10deg_no_circle.png,10,no_circle,right,right_6,6,207.48,1876.59,11,20,37.0,65.69,334.31,50.69,800,400
watanabe_10deg_short_line.png,10,short_line,right,right_6,6,207.48,1876.59,11,20,37.0,65.69,334.31,50.69,800,400
watanabe_10deg_long_line.png,10,long_line,right,right_6,6,207.48,1876.59,11,20,37.0,65.69,334.31,50.69,800,400
watanabe_15deg_standard.png,15,standard,right,right_4,4,141.57,1257.37,11,20,37.0,65.69,334.31,50.69,800,400
watanabe_15deg_no_circle.png,15,no_circle,right,right_4,4,141.57,1257.37,11,20,37.0,65.69,334.31,50.69,800,400
watanabe_15deg_short_line.png,15,short_line,right,right_4,4,141.57,1257.37,11,20,37.0,65.69,334.31,50.69,800,400
watanabe_15deg_long_line.png,15,long_line,right,right_4,4,141.57,1257.37,11,20,37.0,65.69,334.31,50.69,800,400
watanabe_20deg_standard.png,20,standard,right,right_3,3,72.5,942.99,11,20,37.0,65.69,334.31,50.69,800,400
watanabe_20deg_no_circle.png,20,no_circle,right,right_3,3,72.5,942.99,11,20,37.0,65.69,334.31,50.69,800,400
watanabe_20deg_short_line.png,20,short_line,right,right_3,3,72.5,942.99,11,20,37.0,65.69,334.31,50.69,800,400
watanabe_20deg_long_line.png,20,long_line,right,right_3,3,72.5,942.99,11,20,37.0,65.69,334.31,50.69,800,400
watanabe_25deg_standard.png,25,standard,top,top_1,1,-1.11,750.45,11,20,37.0,65.69,334.31,50.69,800,400
watanabe_25deg_no_circle.png,25,no_circle,top,top_1,1,-1.11,750.45,11,20,37.0,65.69,334.31,50.69,800,400
watanabe_25deg_short_line.png,25,short_line,top,top_1,1,-1.11,750.45,11,20,37.0,65.69,334.31,50.69,800,400
watanabe_25deg_long_line.png,25,long_line,top,top_1,1,-1.11,750.45,11,20,37.0,65.69,334.31,50.69,800,400
watanabe_30deg_standard.png,30,standard,top,top_4,4,-80.98,618.75,11,20,37.0,65.69,334.31,50.69,800,400
watanabe_30deg_no_circle.png,30,no_circle,top,top_4,4,-80.98,618.75,11,20,37.0,65.69,334.31,50.69,800,400
watanabe_30deg_short_line.png,30,short_line,top,top_4,4,-80.98,618.75,11,20,37.0,65.69,334.31,50.69,800,400
watanabe_30deg_long_line.png,30,long_line,top,top_4,4,-80.98,618.75,11,20,37.0,65.69,334.31,50.69,800,400
watanabe_35deg_standard.png,35,standard,top,top_7,7,-169.36,521.71,11,20,37.0,65.69,334.31,50.69,800,400
watanabe_35deg_no_circle.png,35,no_circle,top,top_7,7,-169.36,521.71,11,20,37.0,65.69,334.31,50.69,800,400
watanabe_35deg_short_line.png,35,short_line,top,top_7,7,-169.36,521.71,11,20,37.0,65.69,334.31,50.69,800,400
watanabe_35deg_long_line.png,35,long_line,top,top_7,7,-169.36,521.71,11,20,37.0,65.69,334.31,50.69,800,400
watanabe_40deg_standard.png,40,standard,top,top_9,9,-269.26,446.23,11,20,37.0,65.69,334.31,50.69,800,400
watanabe_40deg_no_circle.png,40,no_circle,top,top_9,9,-269.26,446.23,11,20,37.0,65.69,334.31,50.69,800,400
watanabe_40deg_short_line.png,40,short_line,top,top_9,9,-269.26,446.23,11,20,37.0,65.69,334.31,50.69,800,400
watanabe_40deg_long_line.png,40,long_line,top,top_9,9,-269.26,446.23,11,20,37.0,65.69,334.31,50.69,800,400
watanabe_45deg_standard.png,45,standard,top,top_11,11,-385.0,385.0,11,20,37.0,65.69,334.31,50.69,800,400
watanabe_45deg_no_circle.png,45,no_circle,top,top_11,11,-385.0,385.0,11,20,37.0,65.69,334.31,50.69,800,400
watanabe_45deg_short_line.png,45,short_line,top,top_11,11,-385.0,385.0,11,20,37.0,65.69,334.31,50.69,800,400
watanabe_45deg_long_line.png,45,long_line,top,top_11,11,-385.0,385.0,11,20,37.0,65.69,334.31,50.69,800,400
watanabe_50deg_standard.png,50,standard,top,top_12,12,-522.93,333.62,11,20,37.0,65.69,334.31,50.69,800,400
watanabe_50deg_no_circle.png,50,no_circle,top,top_12,12,-522.93,333.62,11,20,37.0,65.69,334.31,50.69,800,400
watanabe_50deg_short_line.png,50,short_line,top,top_12,12,-522.93,333.62,11,20,37.0,65.69,334.31,50.69,800,400
watanabe_50deg_long_line.png,50,long_line,top,top_12,12,-522.93,333.62,11,20,37.0,65.69,334.31,50.69,800,400
watanabe_55deg_standard.png,55,standard,top,top_13,13,-692.97,289.27,11,20,37.0,65.69,334.31,50.69,800,400
watanabe_55deg_no_circle.png,55,no_circle,top,top_13,13,-692.97,289.27,11,20,37.0,65.69,334.31,50.69,800,400
watanabe_55deg_short_line.png,55,short_line,top,top_13,13,-692.97,289.27,11,20,37.0,65.69,334.31,50.69,800,400
watanabe_55deg_long_line.png,55,long_line,top,top_13,13,-692.97,289.27,11,20,37.0,65.69,334.31,50.69,800,400
watanabe_60deg_standard.png,60,standard,top,top_14,14,-911.57,250.04,11,20,37.0,65.69,334.31,50.69,800,400
watanabe_60deg_no_circle.png,60,no_circle,top,top_14,14,-911.57,250.04,11,20,37.0,65.69,334.31,50.69,800,400
watanabe_60deg_short_line.png,60,short_line,top,top_14,14,-911.57,250.04,11,20,37.0,65.69,334.31,50.69,800,400
watanabe_60deg_long_line.png,60,long_line,top,top_14,14,-911.57,250.04,11,20,37.0,65.69,334.31,50.69,800,400
watanabe_65deg_standard.png,65,standard,top,top_15,15,-1208.26,214.59,11,20,37.0,65.69,334.31,50.69,800,400
watanabe_65deg_no_circle.png,65,no_circle,top,top_15,15,-1208.26,214.59,11,20,37.0,65.69,334.31,50.69,800,400
watanabe_65deg_short_line.png,65,short_line,top,top_15,15,-1208.26,214.59,11,20,37.0,65.69,334.31,50.69,800,400
watanabe_65deg_long_line.png,65,long_line,top,top_15,15,-1208.26,214.59,11,20,37.0,65.69,334.31,50.69,800,400
watanabe_70deg_standard.png,70,standard,top,top_16,16,-1641.98,181.91,11,20,37.0,65.69,334.31,50.69,800,400
watanabe_70deg_no_circle.png,70,no_circle,top,top_16,16,-1641.98,181.91,11,20,37.0,65.69,334.31,50.69,800,400
watanabe_70deg_short_line.png,70,short_line,top,top_16,16,-1641.98,181.91,11,20,37.0,65.69,334.31,50.69,800,400
watanabe_70deg_long_line.png,70,long_line,top,top_16,16,-1641.98,181.91,11,20,37.0,65.69,334.31,50.69,800,400
watanabe_75deg_standard.png,75,standard,top,top_17,17,-2350.19,151.25,11,20,37.0,65.69,334.31,50.69,800,400
watanabe_75deg_no_circle.png,75,no_circle,top,top_17,17,-2350.19,151.25,11,20,37.0,65.69,334.31,50.69,800,400
watanabe_75deg_short_line.png,75,short_line,top,top_17,17,-2350.19,151.25,11,20,37.0,65.69,334.31,50.69,800,400
watanabe_75deg_long_line.png,75,long_line,top,top_17,17,-2350.19,151.25,11,20,37.0,65.69,334.31,50.69,800,400
watanabe_80deg_standard.png,80,standard,top,top_18,18,-3745.1,121.99,11,20,37.0,65.69,334.31,50.69,800,400
watanabe_80deg_no_circle.png,80,no_circle,top,top_18,18,-3745.1,121.99,11,20,37.0,65.69,334.31,50.69,800,400
watanabe_80deg_short_line.png,80,short_line,top,top_18,18,-3745.1,121.99,11,20,37.0,65.69,334.31,50.69,800,400
watanabe_80deg_long_line.png,80,long_line,top,top_18,18,-3745.1,121.99,11,20,37.0,65.69,334.31,50.69,800,400
watanabe_85deg_standard.png,85,standard,top,top_19,19,-7887.44,93.63,11,20,37.0,65.69,334.31,50.69,800,400
watanabe_85deg_no_circle.png,85,no_circle,top,top_19,19,-7887.44,93.63,11,20,37.0,65.69,334.31,50.69,800,400
watanabe_85deg_short_line.png,85,short_line,top,top_19,19,-7887.44,93.63,11,20,37.0,65.69,334.31,50.69,800,400
watanabe_85deg_long_line.png,85,long_line,top,top_19,19,-7887.44,93.63,11,20,37.0,65.69,334.31,50.69,800,400
