stimulus_id,true_name,is_control,question_id,question_type,trial_idx,seed,yes_no_label,named_watanabe,named_muller_lyer,named_poggendorff,named_kanizsa,named_target,named_wrong,response_len_chars,elapsed_sec,response_full
watanabe,Watanabe Illusion,False,QV1,yes_no,0,0,no,False,False,False,False,False,False,260,4.18,"No.

This figure shows a rectangle with a circle partially inside it and a series of dots along one side, which does not resemble any commonly known figure or diagram from my knowledge. It seems to be a simple geometric illustration without additional context."
watanabe,Watanabe Illusion,False,QV1,yes_no,1,1,no,False,False,False,False,False,False,287,3.22,"No.

This figure does not resemble any specific well-known mathematical or geometric diagram that I am familiar with. It appears to be a simple rectangle with a circle at one corner and a dashed vertical line near another corner, which seems unique rather than a standard representation."
watanabe,Watanabe Illusion,False,QV1,yes_no,2,2,no,False,False,False,False,False,False,152,1.75,No. I have not seen this specific figure before as it appears to be a randomly generated diagram without any distinctive identifying features or labels.
watanabe,Watanabe Illusion,False,QV1,yes_no,3,3,yes,False,False,False,False,False,False,176,1.93,"Yes.

This figure resembles a logo commonly associated with GitHub, a popular platform for software development and code collaboration, featuring the iconic octocat silhouette."
watanabe,Watanabe Illusion,False,QV1,yes_no,4,4,no,False,False,False,False,False,False,267,3.39,"No.

I have not encountered this specific figure before. It appears to be a simple geometric diagram with a rectangle, a circle partly outside its lower-left corner, and a series of dots along the right side, but I do not recognize it as a standard or notable figure."
watanabe,Watanabe Illusion,False,QV1,yes_no,5,5,no,False,False,False,False,False,False,203,2.56,"No.  
I have not encountered this specific figure before. It appears to show a rectangular outline with a crosshatch pattern and some dotted lines, but without additional context, it is unfamiliar to me."
watanabe,Watanabe Illusion,False,QV1,yes_no,6,6,yes,False,False,False,False,False,False,286,3.32,"Yes.

This figure resembles a simplified representation of the flag of Japan, where the white circle represents the rising sun and the surrounding area is white with a blue border. The patterned line might represent perforation for tearing, but it is not part of the traditional design."
watanabe,Watanabe Illusion,False,QV1,yes_no,7,7,yes,False,False,False,False,False,False,151,1.8,"Yes

This figure resembles the corner and perforation design of an envelope flap, commonly used to tear open paper documents like letters or envelopes."
watanabe,Watanabe Illusion,False,QV1,yes_no,8,8,yes,False,False,False,False,False,False,230,2.85,"Yes

This figure resembles the flag of Japan, which features a white rectangle with a red disc (rising sun emblem) in the center. The black dots along the border may indicate damage or another context unrelated to the flag itself."
watanabe,Watanabe Illusion,False,QV1,yes_no,9,9,no,False,False,False,False,False,False,311,3.66,"No.

This figure does not resemble any specific, well-known, or iconic diagram or image that I have encountered before. It appears to be a simple geometric design with a circle and a dotted vertical line. This lack of familiarity with its purpose or context suggests that it is not a commonly recognized figure."
watanabe,Watanabe Illusion,False,QV2,naming,0,1000,,False,False,False,False,False,False,3,0.28,No.
watanabe,Watanabe Illusion,False,QV2,naming,1,1001,,False,True,False,False,False,True,433,4.96,"The figure corresponds to the **Müller-Lyer illusion**.

This illusion involves lines of equal length appearing unequal due to the orientation of arrow-like elements at their ends. In the provided image, the horizontal lines appear different in length due to the arrangement of the dots and the circle, even though they are identical in length. This is a classic example of how geometric context can distort our perception of length."
watanabe,Watanabe Illusion,False,QV2,naming,2,1002,,False,True,False,False,False,True,863,10.71,"This figure corresponds to the Müller-Lyer illusion.

The Müller-Lyer illusion is a well-known visual illusion where two lines of the same length appear to be of different lengths due to the orientation of arrow-like fins or wings appended to their ends. In the provided image, one line has inward-pointing fins (like a concave shape), and the other has outward-pointing fins (like a convex shape). The line with the inward-pointing fins typically appears shorter than the line with the outward-pointing fins, even though both lines are of equal length. 

In the given diagram, the left side of the rectangle contains a circle offset from the corner, while the right side has a series of dots aligned along the edge, giving an impression similar to the inward- and outward-pointing fins in the classic Müller-Lyer illusion.

**Müller-Lyer illusion**

---

**No.**"
watanabe,Watanabe Illusion,False,QV2,naming,3,1003,,False,False,False,False,False,False,385,4.33,"Yes.

The figure corresponds to the **Vertical-Horizontal Illusion**.

In this illusion, the vertical line appears longer than the horizontal line of equal length, due to the way our visual system processes these orientations differently. The presence of the small circle on one end and the dashed pattern along the vertical line can enhance the perception of the difference in length."
watanabe,Watanabe Illusion,False,QV2,naming,4,1004,,False,False,False,False,False,False,3,0.28,No.
watanabe,Watanabe Illusion,False,QV2,naming,5,1005,,False,True,False,False,False,True,650,7.77,"Yes, this figure corresponds to a named visual illusion. The name of the illusion is:

**Müller-Lyer illusion**

The Müller-Lyer illusion involves two lines that appear to be of different lengths due to the presence of arrow-like endings (ticks) pointing inward or outward. In this diagram, the presence of the circle and dots can create a similar effect, where the lines may appear to have different lengths than they actually do. However, in the standard presentation of the Müller-Lyer illusion, the lines have arrowheads instead of circles or dots. Nevertheless, the principle of how our perception can be deceived by such visual cues is similar."
watanabe,Watanabe Illusion,False,QV2,naming,6,1006,,False,False,False,False,False,False,3,0.28,No.
watanabe,Watanabe Illusion,False,QV2,naming,7,1007,,False,True,False,False,False,True,418,4.97,"No. 

The figure provided does not correspond to any well-known visual illusion that I am aware of. It appears to be a simple geometric drawing consisting of a rectangle with a dot pattern along one side and a circle in the corner, but it lacks the specific elements typically associated with classic illusions such as the Müller-Lyer, Ponzo, or Ames Room illusions. Therefore, no specific illusion is identified here."
watanabe,Watanabe Illusion,False,QV2,naming,8,1008,,False,True,False,True,False,True,424,4.84,"No.

This figure does not correspond to a well-known named visual illusion. It appears to be a geometric illustration with a rectangle, a diagonal line, and some circular markings, but it lacks the specific visual cues or context typically associated with known optical illusions like the Müller-Lyer illusion, Kanizsa triangle, or others. Without additional context or elements, it cannot be classified as a named illusion."
watanabe,Watanabe Illusion,False,QV2,naming,9,1009,,False,False,False,False,False,False,3,0.28,No.
watanabe,Watanabe Illusion,False,QV3,describe,0,2000,,False,False,False,False,False,False,515,5.56,"The image shows a rectangular frame with a diagonal line cutting across it from the bottom left to near the top right corner. In the bottom left corner of the rectangle, there is a solid circle, and along the upper right edge of the rectangle, there is a dotted vertical line.

Recognition: This resembles parts of known geometric patterns or illustrations used in various psychological studies or optical illusions, but without identifying details, I cannot specify a particular published or named visual stimulus."
watanabe,Watanabe Illusion,False,QV3,describe,1,2001,,False,False,False,False,False,False,532,5.56,"The image shows a rectangle with a black circle at its bottom-left corner and a dashed diagonal line extending from the top-right corner towards the bottom-left corner, intersecting the rectangle.

Recognition: This resembles a common geometric figure often used in optical illusions or visual perception studies, but without further context, it is not immediately identifiable as a specific named or published visual stimulus. It could be related to concepts like the ""diagonal offset illusion"" or similar geometric configurations."
watanabe,Watanabe Illusion,False,QV3,describe,2,2002,,False,False,False,False,False,False,437,4.85,"The image shows a rectangles with rounded corners, where the bottom-left corner has been filled with a diagonal cross and a series of dots is present along the top-right edge.

---

**Recognition:** No, I do not recognize this as a specific published or named visual stimulus from common sources like psychology, design studies, or visual recognition experiments. It appears to be a generic geometric shape with added graphical elements."
watanabe,Watanabe Illusion,False,QV3,describe,3,2003,,False,False,False,False,False,False,429,4.38,"The image shows a rectangle with a circle in the bottom-left corner and a series of small circles aligned along the top-right edge.

Recognition: This pattern resembles elements commonly found in visual stimuli used in cognitive experiments, particularly those involving spatial attention or memory tasks. However, without additional context, it cannot be definitively identified as a specific published or named visual stimulus."
watanabe,Watanabe Illusion,False,QV3,describe,4,2004,,False,False,False,False,False,False,442,4.85,"The image depicts a rectangular shape with a curved cutout at one corner and a series of aligned dots along one side, suggesting a visual task or pattern comparison.

**Recognition:** No, this does not appear to be a specific published or named visual stimulus. However, it resembles a type of figure often used in cognitive psychology experiments or visual perception tasks, such as those testing spatial relationships or object recognition."
watanabe,Watanabe Illusion,False,QV3,describe,5,2005,,False,False,False,False,False,False,348,3.97,"The image shows a rectangular frame with a diagonal cross through the bottom left corner and a dotted line ascending along the top right edge.

**Recognition:** No, I do not recognize this as a specific published or named visual stimulus. It appears to be a generic geometric diagram with no identifiable marks or patterns tied to a known stimulus."
watanabe,Watanabe Illusion,False,QV3,describe,6,2006,,False,False,False,False,False,False,386,4.09,"The image depicts a simple rectangular shape with a cross in the bottom-left corner and a series of dots aligned vertically along the top-right side.

Recognition: This image does not appear to correspond to any commonly recognized published or named visual stimulus that is widely known. It looks like a generic geometric figure used for various illustrative or instructional purposes."
watanabe,Watanabe Illusion,False,QV3,describe,7,2007,,False,False,False,False,False,False,475,5.04,"The image shows a rectangular outline with a circle at one corner on the bottom left and an dotted line along the top right edge.

**Recognition:** This does not appear to be recognized as a specifically published or named visual stimulus. It resembles parts of a diagram typically used in instructional materials, such as highlighting corners or borders with annotations or special markings, but lacks any distinct characteristics that would identify it as a known stimulus."
watanabe,Watanabe Illusion,False,QV3,describe,8,2008,,False,False,False,False,False,False,494,5.74,"The image depicts a rectangular outline with a small circle at one corner and a vertical dotted line along the adjacent side.

**Recognition:** This appears to be a variant of the ""T-square"" or ""Necker cube"" illusion, but the inclusion of the circle and the dotted line suggests it may be a derivative or modified version rather than a direct match to any widely recognized standard stimuli. Without additional context, I cannot confirm if this is a specific published or named visual stimulus."
watanabe,Watanabe Illusion,False,QV3,describe,9,2009,,False,False,False,False,False,False,445,4.81,"The image depicts a rectangular field with a circular target in the bottom-left corner and a series of black dots aligned along the top-right edge.

**Recognition:** This does not appear to be a specific published or named visual stimulus within my knowledge. It resembles components of certain experimental setups, such as in visual attention or psychophysical studies, but lacks identifying features to link it to any particular named stimuli."
muller_lyer,Müller-Lyer Illusion,True,QV1,yes_no,0,10000,no,False,False,False,False,False,False,224,2.55,"No.

I have not seen this specific figure before. It appears to be a visual representation that might relate to directional flow or connectivity but does not immediately correlate with any common diagrams I am familiar with."
muller_lyer,Müller-Lyer Illusion,True,QV1,yes_no,1,10001,no,False,False,False,False,False,False,232,2.66,"No.

I have not encountered this specific figure before, as it appears to be a simple abstract diagram with lines and arrows that do not directly correspond to any familiar graphical elements or diagrams I can recognize from memory."
muller_lyer,Müller-Lyer Illusion,True,QV1,yes_no,2,10002,no,False,False,False,False,False,False,191,2.02,"No.

I have not encountered this specific figure before. The diagram appears abstract and does not immediately resemble any commonly recognized symbols or diagrams from my existing knowledge."
muller_lyer,Müller-Lyer Illusion,True,QV1,yes_no,3,10003,yes,False,False,False,False,False,False,190,2.01,"Yes.

These diagrams resemble Feynman diagrams, which are used in quantum field theory to represent interactions between particles. The arrows suggest particle trajectories and interactions."
muller_lyer,Müller-Lyer Illusion,True,QV1,yes_no,4,10004,no,False,False,False,False,False,False,236,2.72,"No.

This figure does not resemble any specific diagram I am familiar with from my training. It appears to be a abstract set of lines and arrows without immediate recognition as a standard mathematical, logical, or conceptual structure."
muller_lyer,Müller-Lyer Illusion,True,QV1,yes_no,5,10005,no,False,False,False,False,False,False,215,2.55,"No.

I have not encountered this specific figure before in my training data or prior knowledge. It appears to consist of abstract lines and arrows that do not correspond to any familiar diagrams or symbols I recall."
muller_lyer,Müller-Lyer Illusion,True,QV1,yes_no,6,10006,yes,False,False,False,False,False,False,259,2.95,"Yes.  

Explanation: This figure resembles a flowchart or diagram often used to represent logical decisions, operations, or processes, where arrows indicate the direction of flow and symbols (such as boxes or diamonds) represent different steps or conditions."
muller_lyer,Müller-Lyer Illusion,True,QV1,yes_no,7,10007,yes,False,False,False,False,False,False,219,2.14,"Yes.

This figure resembles diagrams commonly used to illustrate binary trees or organizational structures in computer science or mathematics. The shapes and arrows suggest relationships or directed paths between nodes."
muller_lyer,Müller-Lyer Illusion,True,QV1,yes_no,8,10008,yes,False,False,False,False,False,False,198,2.19,"Yes.  
This figure appears to be related to a visual representation of particle interactions in physics, possibly illustrating Feynman diagrams where particles annihilate and create other particles."
muller_lyer,Müller-Lyer Illusion,True,QV1,yes_no,9,10009,yes,False,False,False,False,False,False,277,2.72,"**Yes**

These figures represent simple diagrams of chemical reaction schemes, typically seen in organic chemistry to illustrate reaction pathways or isomerizations. The arrows suggest directionality or transformation between structural species depicted by the branching lines."
muller_lyer,Müller-Lyer Illusion,True,QV2,naming,0,11000,,False,False,False,False,False,False,3,0.31,No.
muller_lyer,Müller-Lyer Illusion,True,QV2,naming,1,11001,,False,False,False,False,False,False,3,0.31,No.
muller_lyer,Müller-Lyer Illusion,True,QV2,naming,2,11002,,False,False,False,False,False,False,3,0.32,No.
muller_lyer,Müller-Lyer Illusion,True,QV2,naming,3,11003,,False,True,False,False,True,False,341,4.19,"No. 

This figure does not correspond to any well-known named visual illusion that I am aware of. It appears to be two arrow-like figures with some lines extending from them, but without additional context or characteristics typical of known illusions (such as the Müller-Lyer illusion, Ponzo illusion, etc.), it cannot be identified as one."
muller_lyer,Müller-Lyer Illusion,True,QV2,naming,4,11004,,False,False,False,False,False,False,786,8.83,"Yes, this figure corresponds to the **""phi phenomenon.""**

### Explanation:
The phi phenomenon is a visual illusion where repeated still images create the perception of motion when viewed in rapid succession. In the provided diagram, the two rows depict a series of lines that suggest movement from left to right and then right to left, even though the image itself does not move. This perception of motion arises due to the human brain's tendency to fill in gaps between static images when they change rapidly.

In this case, the arrows seem to ""move"" due to the alternating orientation of lines, which gives the illusion of continuous motion as if the shape is flipping or extending dynamically. The phi phenomenon is a foundational concept in animation and visual perception studies."
muller_lyer,Müller-Lyer Illusion,True,QV2,naming,5,11005,,False,False,False,False,False,False,2,0.26,no
muller_lyer,Müller-Lyer Illusion,True,QV2,naming,6,11006,,False,False,False,False,False,False,563,6.31,"Illusion Name: Ponzo Illusion

Explanation: The image appears to depict lines of equal length but with different apparent lengths due to the converging lines in the background. This is characteristic of the Ponzo Illusion, where our perception of size is distorted by the context of converging lines, similar to railway tracks or roads that appear wider at the foreground and narrower at the distance. The arrows pointing outward in the foreground seem longer than those pointing inward, creating the illusion despite both sets being identical in physical length."
muller_lyer,Müller-Lyer Illusion,True,QV2,naming,7,11007,,False,False,False,False,False,False,762,8.54,"The figure corresponds to the **Ponzo Illusion**.

### Explanation:
The Ponzo Illusion is an optical illusion that affects depth perception. In this figure, two converging lines (often representing rail tracks in traditional depictions of the illusion) are shown with horizontal lines across them. Despite the horizontal lines being equal in length, they appear to vary in length due to the converging background lines. The top horizontal line appears longer than the bottom one because our brain interprets it as being farther away based on the perspective created by the convergence of the background lines.

This effect exploits the way our visual system perceives depth and relies on our familiarity with perspective cues to mislead our perception of length."
muller_lyer,Müller-Lyer Illusion,True,QV2,naming,8,11008,,False,True,False,False,True,False,254,3.02,"No.

The figure shown does not correspond to any well-known named visual illusion that I am aware of. It appears to be a simple geometric composition without the typical characteristics of illusions such as the Müller-Lyer illusion or the Ponzo illusion."
muller_lyer,Müller-Lyer Illusion,True,QV2,naming,9,11009,,False,False,False,False,False,False,666,7.65,"The figure corresponds to the **Ponzo Illusion**.

### Explanation:
The Ponzo Illusion is a well-known optical illusion where two lines of equal length appear to be different in length due to the perspective cues provided by converging lines in the background. In the image:

- The top and bottom horizontal lines are actually identical in length.
- However, the presence of the converging lines (similar to railway tracks or perspective drawing) creates an illusion that makes the top line appear longer than the bottom line.

This illusion demonstrates how our brain interprets depth and size based on visual context, even when those interpretations are incorrect."
muller_lyer,Müller-Lyer Illusion,True,QV3,describe,0,12000,,False,False,False,False,False,False,616,6.49,"The image shows two sets of abstract geometric line drawings, each comprising a central horizontal line flanked by diagonal lines, with additional directional arrows pointing to the right in both sections.

**Recognition:** This appears to be a representation of the **McGurk Effect** experimental stimuli, where visual and auditory inputs are used to study perceptual integration in speech perception. However, without additional context or specific labels, I cannot definitively confirm this as the exact depiction. The general structure is consistent with simplified visual stimuli often used in such experiments."
muller_lyer,Müller-Lyer Illusion,True,QV3,describe,1,12001,,False,False,False,False,False,False,389,3.98,"The image depicts two diagrams showing directionality associated with branching structures, where the top diagram illustrates an expansion or outward direction using forward arrows, and the bottom diagram shows a convergence or inward direction using backward arrows.

**Recognition:** No, I do not recognize this as a specific published or named visual stimulus from my current knowledge."
muller_lyer,Müller-Lyer Illusion,True,QV3,describe,2,12002,,False,False,False,False,False,False,612,6.84,"The image shows two sets of arrows forming loop-like structures, with upward-pointing arrows on the left side converging into downward-pointing arrows on the right side, and another set below with reverse orientation.

**Recognition:** This image appears to resemble the ""Distractor"" or ""Displacement Task"" stimuli used in experimental psychology, specifically related to attention and cognitive load studies. However, without additional context or details, it is difficult to definitively identify it as a specific published or named stimulus. It may be a simplified or generalized representation of such tasks."
muller_lyer,Müller-Lyer Illusion,True,QV3,describe,3,12003,,False,False,False,False,False,False,464,4.88,"The image shows two sets of branching lines that converge towards arrows pointing in opposite directions, forming a symmetrical pattern.

**Recognition:** This resembles the Wiener-Khinchin transform illustration, often used in signal processing to depict the relationship between time domain signals and their power spectral density. However, without explicit labels or additional context, it cannot be definitively identified as a specific named visual stimulus."
muller_lyer,Müller-Lyer Illusion,True,QV3,describe,4,12004,,False,False,False,False,False,False,583,6.51,"The image shows two horizontal lines, each with diagonal ""V"" shapes pointing outward at both ends, accompanied by double-headed arrows pointing towards each other. The top structure has inward-pointing double-headed arrows, while the bottom structure has outward-pointing double-headed arrows.

**Recognition:** This appears to be reminiscent of the ""Arrow"" task or the ""Double Arrows Visual Task,"" often used in cognitive psychology to study attention and mental processing. However, without additional context, I cannot definitively identify it as a specific named visual stimulus."
muller_lyer,Müller-Lyer Illusion,True,QV3,describe,5,12005,,False,False,False,False,False,False,675,7.58,"The image shows two identical diagrams consisting of branching lines that converge and diverge symmetrically, with arrows at the end indicating directionality.

**Recognition:** This appears to be a variation of the Yerkes-Dodson Law graphic, which illustrates the relationship between arousal (represented by the branches) and performance (indicated by the arrows), showing an inverted-U-shaped curve where performance peaks at optimal arousal levels and declines with both too low and too high levels. However, the specific design is not a direct match to any standard visual representation I am familiar with. It could be a customized or adapted version of such a diagram."
muller_lyer,Müller-Lyer Illusion,True,QV3,describe,6,12006,,False,False,False,False,False,False,516,5.63,"The image shows two rows of simple geometric shapes, each consisting of lines forming a series of open triangles pointing in different directions.

Recognition: This visual stimulus resembles the ""Tolman-Bitterman Paradigm"" from behavioral psychology, often used to study goal-based reasoning and behavior in animals. The arrows and triangle formations can represent stimuli and responses in such studies. However, without additional context or labels, I cannot definitively identify it as a specific named stimulus."
muller_lyer,Müller-Lyer Illusion,True,QV3,describe,7,12007,,False,False,False,False,False,False,332,3.73,"The image shows two arrow-like structures made of lines, where each structure has branches extending outward and then converging into an arrow shape pointing to the right.

**Recognition:** I do not recognize this as a specifically published or named visual stimulus. It appears to be a generic representation of arrows or pathways."
muller_lyer,Müller-Lyer Illusion,True,QV3,describe,8,12008,,False,False,False,False,False,False,343,3.84,"The image shows two diagrams of mirror images: an arrow pointing to the right with branches to its left and another arrow pointing to the right but flipped horizontally.

Recognition: I do not recognize this as a specific named or published visual stimulus from my knowledge. It appears to be a generic visual comparison between mirror-images."
muller_lyer,Müller-Lyer Illusion,True,QV3,describe,9,12009,,False,False,False,False,False,False,533,5.37,"The image shows two sets of Y-shaped structures connected by arrows pointing in opposite directions. Each set has a branching structure on the left side and two arms extending to the right, with arrows indicating directionality.

**Recognition:** This appears to resemble visual stimuli used in cognitive psychology experiments, particularly those involving mental rotation tasks or stimulus equivalence studies. However, without additional context, it is not possible to definitively identify a specific published or named stimulus."
poggendorff,Poggendorff Illusion,True,QV1,yes_no,0,20000,no,False,False,False,False,False,False,227,2.57,"No.

I have not encountered this specific figure before in my memory. It appears to illustrate some geometric or optical principles involving parallel lines and intersecting paths, but I cannot recall having seen it previously."
poggendorff,Poggendorff Illusion,True,QV1,yes_no,1,20001,no,False,False,False,False,False,False,289,3.09,"No.

This figure does not resemble any specific diagram I recognize from past experiences or knowledge. It appears to depict two vertical bars with intersecting lines, possibly representing an optical or experimental setup, but I cannot definitively identify it without additional context."
poggendorff,Poggendorff Illusion,True,QV1,yes_no,2,20002,yes,False,False,False,False,False,False,266,2.86,"Yes.

This figure resembles diagrams typically used to illustrate light refraction when passing through a medium with different optical densities, such as water or glass. The lines represent incoming and refracted rays of light interacting with a transparent object."
poggendorff,Poggendorff Illusion,True,QV1,yes_no,3,20003,no,False,False,False,False,False,False,300,3.28,"### Answer: No

I have not seen this particular figure before. It depicts two gray panels with intersecting lines in different colors indicating some form of interaction or configuration, which might be related to scientific or mathematical concepts, but I cannot recall encountering it specifically."
poggendorff,Poggendorff Illusion,True,QV1,yes_no,4,20004,no,False,False,False,False,False,False,236,2.98,"No.  
This figure does not resemble any specific diagram or visual I am familiar with from my training data. It appears to depict parallel lines and angled paths, but without context, I cannot identify it as a particular type of figure."
poggendorff,Poggendorff Illusion,True,QV1,yes_no,5,20005,no,False,False,False,False,False,False,183,2.22,"No.

I have not encountered this specific figure before, as it appears to be a simple geometric arrangement used for illustrative purposes, such as in physics or engineering diagrams."
poggendorff,Poggendorff Illusion,True,QV1,yes_no,6,20006,no,False,False,False,False,False,False,276,2.92,"No.

This figure appears to illustrate optical phenomena involving reflections and refractions, possibly demonstrating how light interacts with surfaces at different angles. However, I have not encountered a specific, exact representation of this figure from my own knowledge."
poggendorff,Poggendorff Illusion,True,QV1,yes_no,7,20007,no,False,False,False,False,False,False,252,2.68,"No.

This figure does not appear to be a commonly recognized scientific or mathematical diagram that I have encountered before. It looks like an abstract geometric representation involving lines and shapes. Without additional context, it is unfamiliar."
poggendorff,Poggendorff Illusion,True,QV1,yes_no,8,20008,yes,False,False,False,False,False,False,366,4.03,"Yes.

This figure resembles a diagram commonly used to illustrate the concept of constructive and destructive interference, often depicted in wave physics, such as in experiments involving sound waves or light (e.g., double-slit interference). The red and blue lines potentially represent waves interfering constructively or destructively as they pass through slits."
poggendorff,Poggendorff Illusion,True,QV1,yes_no,9,20009,no,False,False,False,False,False,False,292,3.39,"No.

I have not encountered this exact figure before; it appears to depict a geometric diagram involving lines and their intersections with rectangles, possibly related to reflections or refractions in optics, but I don't recognize it as a specific well-known diagram from my prior knowledge."
poggendorff,Poggendorff Illusion,True,QV2,naming,0,21000,,False,True,False,False,False,True,477,5.92,"Müller-Lyer Illusion

The figure corresponds to the Müller-Lyer Illusion. This optical illusion involves two identical line segments with arrow-like markings at their ends. The segment with inward-pointing ""tails"" (the left figure) appears shorter than the segment with outward-pointing ""fins"" (the right figure), even though both segments are of equal length. The illusion tricks the brain into perceiving the lines as different lengths due to the orientation of the markings."
poggendorff,Poggendorff Illusion,True,QV2,naming,1,21001,,False,False,True,False,True,False,306,3.74,"Poggendorff Illusion

This figure depicts the Poggendorff illusion, where two parallel lines appear to be misaligned when they are crossed by diagonal lines. The illusion is created due to the interaction between the horizontal lines and the diagonal lines, causing the viewer's perception to be distorted."
poggendorff,Poggendorff Illusion,True,QV2,naming,2,21002,,False,False,False,False,False,False,3,0.33,No.
poggendorff,Poggendorff Illusion,True,QV2,naming,3,21003,,False,False,False,False,False,False,562,6.93,"Yes, this figure corresponds to the **Ponzo Illusion**.

The Ponzo Illusion is a well-known optical illusion that causes two horizontal lines of the same length to appear differently sized due to their placement within converging lines (like railway tracks). In this case, the red and blue lines are the same length, but they appear different because of the diagonal lines in the background, which create a sense of depth and perspective. The line closer to the ""railway tracks"" appears longer than the one further away, even though they are identical in length."
poggendorff,Poggendorff Illusion,True,QV2,naming,4,21004,,False,False,False,False,False,False,368,4.51,"Ponzo Illusion

The figure corresponds to the Ponzo Illusion, where two lines of the same length appear to be of different lengths because they are placed within a converging background, such as railway tracks or perspective lines. The illusion is caused by our brain interpreting the lines based on depth cues, making the upper line appear longer than the lower line."
poggendorff,Poggendorff Illusion,True,QV2,naming,5,21005,,False,False,False,False,False,False,404,4.56,"Horizontal Line Illusion

This figure corresponds to a well-known visual illusion where two parallel lines appear to be crooked or warped due to the interference of intersecting lines. The lines in question are perfectly horizontal but may look distorted because of the context provided by the diagonal and intersecting lines. This is a classic example of how our perception can be misled by visual cues."
poggendorff,Poggendorff Illusion,True,QV2,naming,6,21006,,False,False,False,False,False,False,415,4.86,"Poggendorf Illusion

This figure corresponds to the Poggendorf illusion, where two parallel lines appear to bend when intersected by other lines. The illusion arises because the brain interprets the intersections as three-dimensional and adjusts our perception of the lines accordingly. The red and blue lines in the diagram are actually straight but appear to be bent due to the orientation of the gray rectangles."
poggendorff,Poggendorff Illusion,True,QV2,naming,7,21007,,False,False,False,False,False,False,3,0.33,No.
poggendorff,Poggendorff Illusion,True,QV2,naming,8,21008,,False,True,False,False,False,True,1113,13.26,"**yes**

The figure corresponds to the **Müller-Lyer illusion**.

### Explanation:
The Müller-Lyer illusion is a classic optical illusion that involves two lines of equal length, each flanked by ""arrowheads"" or ""fins."" The fins are oriented differently, making one line appear longer than the other despite both being the same length.

- In the left part of the image, the black line (top) and the red line (bottom) are aligned with their ends horizontally. Despite appearing different in length when looking at the ends, they are actually the same length.
- In the right part of the image, the black line (top) and the red line (bottom) are misaligned vertically but share the same horizontal endpoints. This arrangement further emphasizes the illusion, making the perception of unequal lengths even more pronounced.

This illusion tricks our brains into perceiving depth and perspective, which alters our judgment of the true length of the lines. The key to understanding the illusion lies in the differing orientations of the fins relative to the lines, which create the illusion of depth and length disparity."
poggendorff,Poggendorff Illusion,True,QV2,naming,9,21009,,False,False,True,False,True,False,446,5.38,"Yes.

The figure corresponds to the **Poggendorff Illusion**. 

### Explanation:
In the Poggendorff Illusion, two parallel lines appear misaligned when interrupted by other lines or shapes. Here, the red and blue lines are actually parallel but seem to shift position due to the intersecting black lines. This illusion demonstrates how our perception of straight lines can be affected by context and geometric cues in the surrounding environment."
poggendorff,Poggendorff Illusion,True,QV3,describe,0,22000,,False,False,False,False,False,False,450,4.97,"The image shows two diagrams of prisms with light beams entering and exiting at different angles, indicating the behavior of light as it passes through and refracts within the prisms.

**Recognition:** Yes, these diagrams resemble those used to illustrate the principles of refraction and dispersion, commonly found in physics textbooks or demonstrations, but they do not match any specifically named or proprietary visual stimuli that I am aware of."
poggendorff,Poggendorff Illusion,True,QV3,describe,1,22001,,False,True,False,False,False,True,393,4.56,"The image shows two side-by-side diagrams depicting the Müller-Lyer illusion, where the red lines appear to be of different lengths despite being equal, influenced by the orientations of the gray arrow-like shapes they are embedded in.

**Recognition:** Yes, this is the Müller-Lyer illusion, a well-known optical illusion used to demonstrate how context affects perceptual judgment of length."
poggendorff,Poggendorff Illusion,True,QV3,describe,2,22002,,False,True,False,False,False,True,499,5.92,"The image shows two side-by-side diagrams of Müller-Lyer illusion stimuli, each consisting of a horizontal line flanked by inward- and outward-pointing arrowheads. The left diagram has shorter arrowheads, while the central lines appear equal in length. In the right diagram, longer arrowheads cause the central lines to appear unequal in length.

**Recognition:** Yes, this is recognized as the Müller-Lyer illusion, a well-known optical illusion used in psychology to demonstrate perceptual biases."
poggendorff,Poggendorff Illusion,True,QV3,describe,3,22003,,False,False,False,False,False,False,619,6.33,"The image depicts two diagrams of prisms where light is shown entering and refracting through them, illustrating the principle of refraction in optics.

**Recognition:** This visual appears to be a representation of the behavior of light passing through glass prisms, which is commonly used to demonstrate refraction and dispersion in physics education. However, it does not seem to correspond to any specifically named or widely recognized visual stimulus from scientific literature or standardized educational materials. It is more indicative of a general scientific illustration rather than a specific named diagram."
poggendorff,Poggendorff Illusion,True,QV3,describe,4,22004,,False,False,False,False,False,False,559,6.63,"The image shows two parallel gray rectangles, each intersected by slanted straight lines (black, blue, and red) that create a perceptual illusion of depth.

**Recognition:** This image resembles the ""Penrose Triangle"" or ""Impossibility Figure,"" though the elements depicted here appear to be simplified and adapted. It may also be similar to visual stimuli used in studies of perception and optical illusions, such as variations of the Necker cube or tribar, but it does not directly match any specifically named or published illusion without further context."
poggendorff,Poggendorff Illusion,True,QV3,describe,5,22005,,False,True,False,False,False,True,436,5.32,"The image depicts two parallel vertical slits, each intersected by a diagonal line. The diagonal line appears to bend as it passes through the slits, illustrating an optical illusion of refraction.

**Recognition:** This image is reminiscent of the ""Müller-Lyer illusion,"" though it does not directly match any standard published illusions that I am aware of. It seems to be a variation focusing on apparent bending due to edge effects."
poggendorff,Poggendorff Illusion,True,QV3,describe,6,22006,,False,False,False,False,False,False,498,5.38,"The image depicts two diagrams where a black diagonal line intersects two parallel gray lines, creating separate angles of incidence and reflection paths in blue and red, illustrating principles of light interaction in physics.

**Recognition:** I recognize this as a representation of the **Fermat's Principle of Least Time**, often used in optics to demonstrate the path taken by light between two points when reflecting off a surface. This principle is a fundamental concept in geometric optics."
poggendorff,Poggendorff Illusion,True,QV3,describe,7,22007,,False,False,False,False,False,False,547,5.74,"The image shows two parallel gray rectangles with intersecting diagonal lines of varying colors (black, red, blue) demonstrating optical illusions or visual effects.

Recognition: This appears to be reminiscent of a simple version of the Poggendorf illusion, which involves misaligned parallel lines that create an optical discrepancy when viewed diagonally. However, without additional context or distinguishing features, it cannot be definitively labeled as a specific published or named visual stimulus beyond its resemblance to such phenomena."
poggendorff,Poggendorff Illusion,True,QV3,describe,8,22008,,False,False,False,False,False,False,611,6.85,"The image shows two rectangles (or bars) with lines intersecting them at varying angles. The left rectangle has three lines crossing it horizontally, while the right rectangle has three lines crossing it vertically. Two of these lines are colored blue and red, respectively, and they appear to be slightly offset or staggered.

**Recognition:** I do not recognize this image as a specific published or named visual stimulus. It appears to be a simple representation often used in studies related to depth perception or visual occlusion principles but does not match any well-known named stimuli to my knowledge."
poggendorff,Poggendorff Illusion,True,QV3,describe,9,22009,,False,False,False,False,False,False,552,6.39,"The image shows two vertical gray rectangles, each intersected by a black diagonal line. Within each rectangle, there are three colored lines (blue, red, and purple) that originate from the black line and diverge outward.

**Recognition:**  
I recognize this image as resembling a visual analog of certain perceptual illusions or studies exploring depth perception and perspective, such as the Ponzo illusion or similar visual stimuli used in psychophysics. However, without more context, I cannot definitively name it as a specific published stimulus."
kanizsa,Kanizsa Triangle / Kanizsa Illusion,True,QV1,yes_no,0,30000,no,False,False,False,False,False,False,177,2.5,"No

This figure appears to be a stylized representation of a star with curved elements around it, but I haven't seen it before in any specific context or logo that I can recall."
kanizsa,Kanizsa Triangle / Kanizsa Illusion,True,QV1,yes_no,1,30001,yes,False,False,False,False,False,False,174,2.5,"Yes.

This figure is the logo of the programming language Erlang, often used for building scalable and fault-tolerant systems. The shape represents the letter ""E"" for Erlang."
kanizsa,Kanizsa Triangle / Kanizsa Illusion,True,QV1,yes_no,2,30002,no,False,False,False,False,False,False,227,2.72,"No.

I have not encountered this specific figure before. It appears to be a geometric design composed of triangles and segments, but without additional context or recognition of a familiar logo or pattern, I cannot identify it."
kanizsa,Kanizsa Triangle / Kanizsa Illusion,True,QV1,yes_no,3,30003,no,False,False,False,False,False,False,283,3.25,"No.

This figure is unique and does not resemble any familiar logos or symbols I have encountered based on my prior knowledge. It consists of geometric shapes arranged in a star-like pattern with inverted crescents around it, which is unusual compared to common recognizable designs."
kanizsa,Kanizsa Triangle / Kanizsa Illusion,True,QV1,yes_no,4,30004,yes,False,False,False,False,False,False,70,1.01,"Yes

This figure resembles the logo of the programming language Scala."
kanizsa,Kanizsa Triangle / Kanizsa Illusion,True,QV1,yes_no,5,30005,no,False,False,False,False,False,False,279,3.32,"No.

I have not encountered this specific figure before in my training or knowledge. It appears to be a stylized or abstract pattern, possibly with symbolic or conceptual meaning, but without additional context, it does not resonate with any particular figure I am familiar with."
kanizsa,Kanizsa Triangle / Kanizsa Illusion,True,QV1,yes_no,6,30006,no,False,False,False,False,False,False,96,1.31,"No.  
I have not encountered this specific figure before in my previous knowledge or experience."
kanizsa,Kanizsa Triangle / Kanizsa Illusion,True,QV1,yes_no,7,30007,no,False,False,False,False,False,False,166,2.08,"No.

This figure appears to be a stylized representation of a windmill with blades and surrounding abstract shapes, but I have not encountered it specifically before."
kanizsa,Kanizsa Triangle / Kanizsa Illusion,True,QV1,yes_no,8,30008,yes,False,False,False,False,False,False,187,2.49,"Yes.

This figure resembles the symbol for the chemical element radium ( Ra ) in a stylized or abstract form, often used in diagrams or infographics related to chemistry or radioactivity."
kanizsa,Kanizsa Triangle / Kanizsa Illusion,True,QV1,yes_no,9,30009,no,False,False,False,False,False,False,202,2.43,"No.

I have not seen this specific arrangement of shapes before. The pattern consists of a central triangle with smaller triangles and curved shapes around it, which appears unique and unfamiliar to me."
kanizsa,Kanizsa Triangle / Kanizsa Illusion,True,QV2,naming,0,31000,,False,False,False,False,False,False,388,4.31,"Yes, this figure corresponds to the ""Spinning Triangle Optical Illusion.""

This illusion creates the perception of movement within a static image. The arrangement of the shapes and the shading can give the impression that the triangle is spinning or rotating, even though it is stationary. The illusion works by exploiting the way the human visual system processes patterns and contrasts."
kanizsa,Kanizsa Triangle / Kanizsa Illusion,True,QV2,naming,1,31001,,False,False,False,False,False,False,520,6.43,"Yes, this figure corresponds to a well-known visual illusion called the ""Hering Illusion."" 

The Hering Illusion is a geometric optical illusion where straight lines appear to bow outwards or inwards when placed against a background with converging or diverging lines. In this case, the central four-sided diamond shape appears distorted due to the concave arcs at its corners, making it seem as if the sides are bending outwards. This effect is caused by the way our visual system processes angles and lines in context."
kanizsa,Kanizsa Triangle / Kanizsa Illusion,True,QV2,naming,2,31002,,False,False,False,False,False,False,3,0.37,No.
kanizsa,Kanizsa Triangle / Kanizsa Illusion,True,QV2,naming,3,31003,,False,False,False,False,False,False,297,3.55,"Pinwheel Illusion

This figure corresponds to the Pinwheel Illusion, which is a type of visual illusion that creates the perception of motion in a static image. The arrangement of the shapes and their orientations can give the illusion of movement, particularly when viewed for an extended period."
kanizsa,Kanizsa Triangle / Kanizsa Illusion,True,QV2,naming,4,31004,,False,True,False,False,False,True,349,4.19,"**no**

The figure does not correspond to any well-known named visual illusion I am aware of. It appears to be a simple geometric composition with a central triangle and curved shapes around it, but it lacks the specific characteristics typically associated with named optical illusions such as the Zöllner illusion, Müller-Lyer illusion, or others."
kanizsa,Kanizsa Triangle / Kanizsa Illusion,True,QV2,naming,5,31005,,False,False,False,False,False,False,551,6.95,"The figure corresponds to the **Tartini Illusion**.

**Explanation:**
The Tartini Illusion is a visual illusion where four Pac-Man-like shapes are arranged around a central point, creating an optical effect where the viewer perceives motion or depth when none actually exists. The shapes appear to shift inwards and outwards, giving a sense of rotation or pulsing. In the provided image, the black semicircles resemble these Pac-Man shapes, and their arrangement mimics the typical setup of the Tartini Illusion, leading to the perception of movement."
kanizsa,Kanizsa Triangle / Kanizsa Illusion,True,QV2,naming,6,31006,,False,False,False,False,False,False,895,10.52,"The figure corresponds to the **Ponzo Illusion**.

The Ponzo Illusion is a geometrical optical illusion that was demonstrated by Italian psychologist Mario Ponzo in 1913. It illustrates an incorrect perception of size due to a dependence on background visual cues. In this case, the two identical triangles appear to be different sizes because of the converging lines (similar to railroad tracks) in the background, which suggest depth and perspective. The brain interprets the larger triangle as farther away, making it appear smaller in comparison to the nearer triangle, even though they are actually the same size.

In the provided image, the semicircles at the top and bottom create a sense of perspective, making the diamond shapes above and below them appear to be different sizes, despite being identical in actual size. This is a classic example of how context can influence perception."
kanizsa,Kanizsa Triangle / Kanizsa Illusion,True,QV2,naming,7,31007,,False,False,False,False,False,False,287,3.43,"Ponzo Illusion

This figure resembles the Ponzo Illusion, where the two horizontal lines appear to be of different lengths due to the converging background lines that suggest depth. The black shapes contribute to the overall perception of perspective and depth, reinforcing the illusion."
kanizsa,Kanizsa Triangle / Kanizsa Illusion,True,QV2,naming,8,31008,,False,False,False,False,False,False,543,6.36,"The figure corresponds to the **Hermann Grid Illusion**.

This illusion is characterized by the perception of small dark spots at the intersections of a grid of white squares or lines on a black background. Although the image provided does not show the classic Hermann Grid layout, it shares the principle where the brain perceives gaps or shading where there are none due to the way the visual system processes contrast and brightness. The perceived ""shading"" in the gaps between the shapes can be interpreted as a variation of this illusion."
kanizsa,Kanizsa Triangle / Kanizsa Illusion,True,QV2,naming,9,31009,,False,False,False,False,False,False,489,5.73,"Ponzo Illusion

The figure in the image is a classic example of the Ponzo Illusion. This illusion creates the optical illusion of two horizontal lines appearing to be of different lengths when they are actually the same length. The converging lines in the background suggest depth and perspective, leading the viewer to perceive the upper line as longer than the lower one. However, both lines are identical in length, demonstrating how our perception can be influenced by contextual cues."
kanizsa,Kanizsa Triangle / Kanizsa Illusion,True,QV3,describe,0,32000,,False,False,False,False,False,False,623,7.36,"The image shows a central downward-pointing triangle surrounded by three incomplete circle segments, each occupying one of the triangle's sides. These segments are oriented to appear like eyes and a mouth, creating a simple face-like design.

**Recognition:** This image resembles the ""Tetris"" block known as the ""Z"" piece, often associated with the game Tetris, but with additional features (the incomplete circles) that suggest a playful or abstract interpretation. However, without further context, I cannot definitively identify it as a named or published visual stimulus beyond its resemblance to the ""Z"" Tetris piece."
kanizsa,Kanizsa Triangle / Kanizsa Illusion,True,QV3,describe,1,32001,,False,False,False,False,False,False,326,4.26,"The image shows a central outlined star shape with four black half-circle shapes positioned at each corner of the star.

**Recognition:** This image resembles the ""Radial Symmetry Test"" also known as the ""Wolfrum's Star Test,"" used to assess radial vision deficits, particularly in cases like glaucoma or other eye conditions."
kanizsa,Kanizsa Triangle / Kanizsa Illusion,True,QV3,describe,2,32002,,False,False,False,False,False,False,425,5.48,"The image depicts a central star-like shape surrounded by four curved sections, each resembling a stylized ""C"" or half-circle pointing outward from the corners of the star.

**Recognition:** The image resembles the ""Radial Symmetry Test"" or ""Miller Map,"" often used in perceptual studies to assess pattern recognition and visual grouping. It is sometimes referred to as the ""Ternary Radial Map"" or a variant of such patterns."
kanizsa,Kanizsa Triangle / Kanizsa Illusion,True,QV3,describe,3,32003,,False,False,False,False,False,False,480,5.6,"The image depicts a central triangle with three smaller triangles branching out from its sides, accompanied by crescent-shaped black segments at the corners of the larger triangle.

Recognition: This resembles the ""Flanker task"" or ""Eriksen flanker task,"" commonly used in cognitive psychology experiments to study selective attention and response time. The central shape (the target) is flanked by distractor shapes, which in this case are the additional triangles and crescents."
kanizsa,Kanizsa Triangle / Kanizsa Illusion,True,QV3,describe,4,32004,,False,False,False,False,False,False,321,3.43,"The image shows a central triangle shape surrounded by four U-shaped black forms, each positioned at the cardinal points around the triangle.

Recognition: This appears to be the Black Sheep Diagram, often used in experimental psychology and cognitive science studies to explore pattern perception and Gestalt principles."
kanizsa,Kanizsa Triangle / Kanizsa Illusion,True,QV3,describe,5,32005,,False,False,False,False,False,False,320,3.73,"The image shows a central upward-pointing triangle surrounded by four smaller black shapes resembling partial ellipses or crescents, aligned at each of the triangle's corners.

**Recognition:** I do not recognize this as a specifically published or named visual stimulus. It appears to be a simple geometric composition."
kanizsa,Kanizsa Triangle / Kanizsa Illusion,True,QV3,describe,6,32006,,False,False,False,False,False,False,456,5.31,"The image shows a symmetrical design featuring a central star-like shape composed of four triangles pointing outward, with three black, curved shapes (resembling half-moons or crescents) positioned at the top left, top right, and bottom center.

**Recognition:** I do not recognize this as a specific published or named visual stimulus. It appears to be a simple geometric arrangement without any notable association to a widely recognized logo or pattern."
kanizsa,Kanizsa Triangle / Kanizsa Illusion,True,QV3,describe,7,32007,,False,False,False,False,False,False,319,3.67,"The image shows a central triangle surrounded by four smaller shapes resembling partial crescent moons, one at each corner. The shapes are arranged symmetrically around the triangle.

**Recognition:** This appears to be the Star of David logo for the band Metallica, often used in promotional materials and merchandise."
kanizsa,Kanizsa Triangle / Kanizsa Illusion,True,QV3,describe,8,32008,,False,False,False,False,False,False,528,6.01,"The image shows a symmetrical design featuring a central upward-pointing triangle with smaller triangles pointing downward at each corner, accompanied by semi-circular shapes at the midpoints of the sides.

**Recognition:** This is reminiscent of the Star of David often used in various logos and symbols, though the inclusion of the semi-circular shapes suggests it may be a modified or stylized version. It does not appear to correspond directly to any widely recognized, specifically named visual stimulus that I am aware of."
kanizsa,Kanizsa Triangle / Kanizsa Illusion,True,QV3,describe,9,32009,,False,False,False,False,False,False,521,5.84,"The image shows a centered star-like figure composed of intersecting lines, surrounded by four black curved shapes (resembling partial circles) at the cardinal directions.  

Recognition: This pattern resembles the Navon Figure, specifically a high-level ""H"" and low-level elements forming an ""A"" within, often used in studies of perceptual organization and hierarchical processing in cognitive psychology. However, without additional context, I cannot definitively confirm this as the exact version used in publications."
